,,,日期,时间（当地午夜之后）,儒略日,儒略世纪,,,,,,,,太阳辐射矢量 (AU),,平均黄道倾角,倾斜角,"Apparent right ascension (RA)
视赤经","apparent declination (Dec°)
视赤纬",方差,视太阳时减去平太阳时的差值,太阳时角,太阳正午,日出时间,日落时间,日照时间,真太阳时,时角,太阳天顶角,太阳高度角,近似大气折射 ,针对 atm 折射校正的太阳高度角,太阳方位角
NOAA Solar Calculations - Change any of the highlighted cells to get solar position data for that location and date.,,,Date,Time (past local midnight),Julian Day,Julian Century,,Geom Mean Long Sun (deg),Geom Mean Anom Sun (deg),Eccent Earth Orbit,Sun Eq of Ctr,Sun True Long (deg),Sun True Anom (deg),Sun Rad Vector (AUs),Sun App Long (deg),Mean Obliq Ecliptic (deg),Obliq Corr (deg),Sun Rt Ascen (deg),Sun Declin (deg),var y,Eq of Time (minutes),HA Sunrise (deg),Solar Noon (LST),Sunrise Time (LST),Sunset Time (LST),Sunlight Duration (minutes),True Solar Time (min),Hour Angle (deg),Solar Zenith Angle (deg),Solar Elevation Angle (deg),Approx Atmospheric Refraction (deg),Solar Elevation corrected for atm refraction (deg),Solar Azimuth Angle (deg cw from N)
,,,2020/3/21,0:06:00,2458929.17,0.20216758,,358.6549613,7635.369957,0.01670013,1.861135605,360.5160969,7637.231093,0.996045668,360.5056386,23.43666209,23.4364826,0.463926143,0.201106561,0.043023924,-7.251909546,91.2432489,12:24:27,6:19:29,18:29:25,729.9459912,1421.54809,175.3870226,140.1744339,-50.17443391,0.004811746,-50.16962217,352.7860935
Latitude (+ to N),39.4,,2020/3/21,0:12:00,2458929.18,0.20216769,,358.6590681,7635.374064,0.01670013,1.861167702,360.5202358,7637.235232,0.996046836,360.5097776,23.43666209,23.43648261,0.467723692,0.202752704,0.043023924,-7.250670474,91.24460151,12:24:27,6:19:28,18:29:26,729.956812,1427.54933,176.8873324,140.2948918,-50.29489181,0.004791215,-50.2901006,355.1241421
Longitude (+ to E),115.7,,2020/3/21,0:18:00,2458929.18,0.20216781,,358.663175,7635.378171,0.01670013,1.861199789,360.5243748,7637.23937,0.996048003,360.5139165,23.43666208,23.43648262,0.471521233,0.204398843,0.043023924,-7.249431371,91.24595411,12:24:27,6:19:28,18:29:26,729.9676328,1433.550569,178.3876422,140.3681112,-50.3681112,0.004778771,-50.36333243,357.4717392
Time Zone (+ to E),8,,2020/3/21,0:24:00,2458929.18,0.20216792,,358.6672819,7635.382277,0.01670013,1.861231867,360.5285137,7637.243509,0.996049171,360.5180555,23.43666208,23.43648263,0.475318766,0.206044976,0.043023924,-7.248192238,91.2473067,12:24:27,6:19:28,18:29:26,729.9784536,1439.551808,179.8879519,140.3938222,-50.39382222,0.004774407,-50.38904782,359.8242413
,,,2020/3/21,0:30:00,2458929.19,0.20216804,,358.6713887,7635.386384,0.01670013,1.861263934,360.5326527,7637.247648,0.996050339,360.5221944,23.43666208,23.43648263,0.479116291,0.207691105,0.043023924,-7.246953074,91.2486593,12:24:27,6:19:27,18:29:26,729.9892744,5.553046926,-178.6117383,140.3719289,-50.37192892,0.004778123,-50.3671508,2.176932798
Date,2020/3/21,,2020/3/21,0:36:00,2458929.19,0.20216815,,358.6754956,7635.390491,0.01670013,1.861295993,360.5367916,7637.251787,0.996051506,360.5263333,23.43666208,23.43648264,0.482913807,0.209337229,0.043023924,-7.24571388,91.25001189,12:24:27,6:19:27,18:29:27,730.0000951,11.55428612,-177.1114285,140.302511,-50.30251096,0.004789919,-50.29772104,4.525095162
,,,2020/3/21,0:42:00,2458929.20,0.20216826,,358.6796025,7635.394597,0.01670013,1.861328041,360.5409305,7637.255925,0.996052674,360.5304722,23.43666208,23.43648265,0.486711316,0.210983349,0.043023924,-7.244474656,91.25136448,12:24:27,6:19:26,18:29:27,730.0109159,17.55552534,-175.6111187,140.1858222,-50.18582218,0.004809802,-50.18101238,6.864075999
,,,2020/3/21,0:48:00,2458929.20,0.20216838,,358.6837093,7635.398704,0.01670013,1.86136008,360.5450694,7637.260064,0.996053842,360.5346112,23.43666208,23.43648266,0.490508816,0.212629463,0.043023924,-7.243235401,91.25271707,12:24:27,6:19:26,18:29:27,730.0217366,23.5567646,-174.1108089,140.0222861,-50.02228609,0.004837782,-50.01744831,9.189356137
,,,2020/3/21,0:54:00,2458929.20,0.20216849,,358.6878162,7635.402811,0.01670013,1.861392109,360.5492083,7637.264203,0.996055009,360.53875,23.43666208,23.43648267,0.494306308,0.214275573,0.043023924,-7.241996116,91.25406966,12:24:27,6:19:26,18:29:27,730.0325573,29.55800388,-172.610499,139.8124885,-49.81248848,0.004873873,-49.80761461,11.49661182
,,,2020/3/21,1:00:00,2458929.21,0.20216861,,358.691923,7635.406917,0.01670013,1.861424128,360.5533472,7637.268341,0.996056177,360.5428889,23.43666207,23.43648268,0.498103792,0.215921678,0.043023924,-7.2407568,91.25542225,12:24:26,6:19:25,18:29:28,730.043378,35.5592432,-171.1101892,139.5571674,-49.55716742,0.004918097,-49.55224932,13.78177026
,,,2020/3/21,1:06:00,2458929.21,0.20216872,,358.6960299,7635.411024,0.01670013,1.861456138,360.557486,7637.27248,0.996057345,360.5470278,23.43666207,23.43648269,0.501901269,0.217567778,0.043023924,-7.239517455,91.25677483,12:24:26,6:19:25,18:29:28,730.0541986,41.56048255,-169.6098794,139.2572011,-49.25720108,0.004970487,-49.25223059,16.04105685
,,,2020/3/21,1:12:00,2458929.22,0.20216883,,358.7001368,7635.415131,0.01670013,1.861488138,360.5616249,7637.276619,0.996058512,360.5511667,23.43666207,23.43648269,0.505698737,0.219213873,0.043023924,-7.238278078,91.25812741,12:24:26,6:19:24,18:29:28,730.0650193,47.56172192,-168.1095695,138.9135938,-48.91359378,0.005031082,-48.90856269,18.2710331
,,,2020/3/21,1:18:00,2458929.22,0.20216895,,358.7042436,7635.419237,0.01670013,1.861520128,360.5657638,7637.280757,0.99605968,360.5553055,23.43666207,23.4364827,0.509496197,0.220859964,0.043023924,-7.237038672,91.25947999,12:24:26,6:19:24,18:29:28,730.0758399,53.56296133,-166.6092597,138.5274608,-48.5274608,0.005099937,-48.52236086,20.46862447
,,,2020/3/21,1:24:00,2458929.23,0.20216906,,358.7083505,7635.423344,0.01670013,1.861552108,360.5699026,7637.284896,0.996060848,360.5594444,23.43666207,23.43648271,0.513293648,0.222506049,0.043023924,-7.235799235,91.26083257,12:24:26,6:19:24,18:29:29,730.0866605,59.56420076,-165.1089498,138.1000124,-48.10001245,0.005177123,-48.09483533,22.63113827
,,,2020/3/21,1:30:00,2458929.23,0.20216918,,358.7124574,7635.427451,0.01670013,1.861584079,360.5740414,7637.289035,0.996062016,360.5635832,23.43666207,23.43648272,0.517091092,0.22415213,0.043023924,-7.234559768,91.26218514,12:24:26,6:19:23,18:29:29,730.0974811,65.56544023,-163.6086399,137.6325378,-47.63253779,0.005262728,-47.62727506,24.75627189
,,,2020/3/21,1:36:00,2458929.23,0.20216929,,358.7165642,7635.431557,0.01670013,1.86161604,360.5781803,7637.293173,0.996063184,360.567722,23.43666207,23.43648273,0.520888528,0.225798206,0.043023924,-7.233320271,91.26353772,12:24:26,6:19:23,18:29:29,730.1083017,71.56667973,-162.1083301,137.1263886,-47.12638859,0.005356865,-47.12103172,26.84211213
,,,2020/3/21,1:42:00,2458929.24,0.20216940,,358.7206711,7635.435664,0.01670013,1.861647991,360.5823191,7637.297312,0.996064351,360.5718608,23.43666206,23.43648274,0.524685956,0.227444277,0.043023924,-7.232080744,91.26489029,12:24:26,6:19:22,18:29:29,730.1191223,77.56791926,-160.6080202,136.5829638,-46.58296375,0.005459669,-46.57750408,28.88712672
,,,2020/3/21,1:48:00,2458929.24,0.20216952,,358.724778,7635.439771,0.01670013,1.861679933,360.5864579,7637.301451,0.996065519,360.5759996,23.43666206,23.43648274,0.528483376,0.229090344,0.043023924,-7.230841187,91.26624286,12:24:26,6:19:22,18:29:30,730.1299429,83.56915881,-159.1077103,136.0036947,-46.00369465,0.005571305,-45.99812335,30.89014927
,,,2020/3/21,1:54:00,2458929.25,0.20216963,,358.7288848,7635.443877,0.01670013,1.861711865,360.5905967,7637.305589,0.996066687,360.5801384,23.43666206,23.43648275,0.532280787,0.230736405,0.043023924,-7.229601599,91.26759542,12:24:26,6:19:22,18:29:30,730.1407634,89.5703984,-157.6074004,135.3900315,-45.39003146,0.005691973,-45.38433949,32.85035884
,,,2020/3/21,2:00:00,2458929.25,0.20216975,,358.7329917,7635.447984,0.01670013,1.861743787,360.5947355,7637.309728,0.996067855,360.5842772,23.43666206,23.43648276,0.536078191,0.232382461,0.043023924,-7.228361982,91.26894799,12:24:26,6:19:21,18:29:30,730.1515839,95.57163802,-156.1070905,134.7434308,-44.74343083,0.005821909,-44.73760892,34.76725568
,,,2020/3/21,2:06:00,2458929.25,0.20216986,,358.7370985,7635.452091,0.01670013,1.8617757,360.5988742,7637.313866,0.996069023,360.588416,23.43666206,23.43648277,0.539875587,0.234028513,0.043023924,-7.227122334,91.27030055,12:24:26,6:19:21,18:29:30,730.1624044,101.5728777,-154.6067806,134.0653449,-44.06534486,0.005961389,-44.05938347,36.64063412
,,,2020/3/21,2:12:00,2458929.26,0.20216997,,358.7412054,7635.456197,0.01670013,1.861807603,360.603013,7637.318005,0.996070191,360.5925548,23.43666206,23.43648278,0.543672974,0.23567456,0.043023924,-7.225882656,91.27165311,12:24:26,6:19:20,18:29:31,730.1732249,107.5741173,-153.1064707,133.3572115,-43.35721148,0.006110739,-43.35110074,38.47055395
,,,2020/3/21,2:18:00,2458929.26,0.20217009,,358.7453123,7635.460304,0.01670013,1.861839496,360.6071518,7637.322144,0.996071359,360.5966935,23.43666206,23.43648279,0.547470354,0.237320602,0.043023924,-7.224642949,91.27300567,12:24:25,6:19:20,18:29:31,730.1840454,113.5753571,-151.6061607,132.6204463,-42.62044625,0.006270335,-42.61417592,40.2573112
,,,2020/3/21,2:24:00,2458929.27,0.20217020,,358.7494191,7635.464411,0.01670013,1.861871379,360.6112905,7637.326282,0.996072527,360.6008323,23.43666205,23.43648279,0.551267726,0.238966639,0.043023924,-7.223403211,91.27435823,12:24:25,6:19:20,18:29:31,730.1948658,119.5765968,-150.1058508,131.8564355,-41.8564355,0.006440615,-41.84999489,42.0014092
,,,2020/3/21,2:30:00,2458929.27,0.20217032,,358.753526,7635.468517,0.01670013,1.861903253,360.6154293,7637.330421,0.996073695,360.604971,23.43666205,23.4364828,0.555065089,0.240612671,0.043023925,-7.222163443,91.27571078,12:24:25,6:19:19,18:29:32,730.2056862,125.5778366,-148.6055409,131.0665307,-41.06653071,0.00662208,-41.05990863,43.7035304
,,,2020/3/21,2:36:00,2458929.28,0.20217043,,358.7576329,7635.472624,0.01670013,1.861935117,360.619568,7637.334559,0.996074863,360.6091097,23.43666205,23.43648281,0.558862445,0.242258698,0.043023925,-7.220923646,91.27706333,12:24:25,6:19:19,18:29:32,730.2165067,131.5790764,-147.1052309,130.2520441,-40.25204409,0.006815306,-40.24522879,45.36450979
,,,2020/3/21,2:42:00,2458929.28,0.20217055,,358.7617397,7635.476731,0.01670013,1.861966971,360.6237067,7637.338698,0.996076031,360.6132484,23.43666205,23.43648282,0.562659792,0.24390472,0.043023925,-7.219683818,91.27841588,12:24:25,6:19:18,18:29:32,730.2273271,137.5803162,-145.604921,129.4142453,-39.41424528,0.007020953,-39.40722432,46.9853099
,,,2020/3/21,2:48:00,2458929.28,0.20217066,,358.7658466,7635.480837,0.01670013,1.861998816,360.6278454,7637.342836,0.996077199,360.6173871,23.43666205,23.43648283,0.566457132,0.245550737,0.043023925,-7.21844396,91.27976843,12:24:25,6:19:18,18:29:32,730.2381474,143.581556,-144.104611,128.5543589,-38.55435888,0.007239775,-38.54711911,48.56699795
,,,2020/3/21,2:54:00,2458929.29,0.20217077,,358.7699535,7635.484944,0.01670013,1.862030651,360.6319841,7637.346975,0.996078367,360.6215258,23.43666205,23.43648284,0.570254464,0.24719675,0.043023925,-7.217204073,91.28112098,12:24:25,6:19:18,18:29:33,730.2489678,149.5827959,-142.604301,127.673563,-37.67356297,0.007472631,-37.66609034,50.11072498
,,,2020/3/21,3:00:00,2458929.29,0.20217089,,358.7740603,7635.489051,0.01670013,1.862062476,360.6361228,7637.351113,0.996079535,360.6256645,23.43666204,23.43648284,0.574051788,0.248842757,0.043023925,-7.215964156,91.28247352,12:24:25,6:19:17,18:29:33,730.2597882,155.5840358,-141.103991,126.7729882,-36.77298817,0.007720504,-36.76526767,51.61770724
,,,2020/3/21,3:06:00,2458929.30,0.20217100,,358.7781672,7635.493157,0.01670013,1.862094292,360.6402615,7637.355252,0.996080703,360.6298032,23.43666204,23.43648285,0.577849104,0.25048876,0.043023925,-7.214724209,91.28382606,12:24:25,6:19:17,18:29:33,730.2706085,161.5852758,-139.6036811,125.8537175,-35.85371752,0.007984513,-35.845733,53.08920971
,,,2020/3/21,3:12:00,2458929.30,0.20217112,,358.7822741,7635.497264,0.01670013,1.862126097,360.6444002,7637.35939,0.996081871,360.6339419,23.43666204,23.43648286,0.581646411,0.252134757,0.043023925,-7.213484232,91.2851786,12:24:25,6:19:16,18:29:33,730.2814288,167.5865158,-138.1033711,124.9167867,-34.91678666,0.008265939,-34.90852072,54.5265316
,,,2020/3/21,3:18:00,2458929.30,0.20217123,,358.7863809,7635.501371,0.01670013,1.862157894,360.6485388,7637.363529,0.996083039,360.6380805,23.43666204,23.43648287,0.585443711,0.25378075,0.043023925,-7.212244225,91.28653114,12:24:25,6:19:16,18:29:34,730.2922491,173.5877558,-136.6030611,123.9631846,-33.9631846,0.008566245,-33.95461836,55.93099389
,,,2020/3/21,3:24:00,2458929.31,0.20217134,,358.7904878,7635.505477,0.01670013,1.86218968,360.6526775,7637.367667,0.996084208,360.6422192,23.43666204,23.43648288,0.589241003,0.255426737,0.043023925,-7.211004189,91.28788367,12:24:25,6:19:16,18:29:34,730.3030694,179.5889958,-135.102751,122.9938548,-32.99385477,0.008887107,-32.98496766,57.30392858
,,,2020/3/21,3:30:00,2458929.31,0.20217146,,358.7945946,7635.509584,0.01670013,1.862221457,360.6568161,7637.371806,0.996085376,360.6463578,23.43666204,23.43648289,0.593038287,0.25707272,0.043023925,-7.209764123,91.2892362,12:24:25,6:19:15,18:29:34,730.3138896,185.5902359,-133.602441,122.0096963,-32.00969627,0.009230454,-32.00046581,58.64666967
,,,2020/3/21,3:36:00,2458929.32,0.20217157,,358.7987015,7635.513691,0.01670013,1.862253224,360.6609547,7637.375944,0.996086544,360.6504965,23.43666204,23.43648289,0.596835563,0.258718697,0.043023925,-7.208524027,91.29058874,12:24:25,6:19:15,18:29:34,730.3247099,191.591476,-132.102131,121.0115654,-31.01156545,0.009598503,-31.00196694,59.96054561
,,,2020/3/21,3:42:00,2458929.32,0.20217169,,358.8028084,7635.517797,0.01670013,1.862284981,360.6650934,7637.380082,0.996087712,360.6546351,23.43666203,23.4364829,0.600632831,0.26036467,0.043023925,-7.207283902,91.29194126,12:24:24,6:19:14,18:29:35,730.3355301,197.5927161,-130.601821,120.0002776,-30.00027755,0.009993821,-29.99028373,61.24687307
,,,2020/3/21,3:48:00,2458929.33,0.20217180,,358.8069152,7635.521904,0.01670013,1.862316728,360.669232,7637.384221,0.99608888,360.6587737,23.43666203,23.43648291,0.604430091,0.262010637,0.043023925,-7.206043747,91.29329379,12:24:24,6:19:14,18:29:35,730.3463503,203.5939563,-129.1015109,118.9766085,-28.9766085,0.010419385,-28.96618911,62.50695193
,,,2020/3/21,3:54:00,2458929.33,0.20217191,,358.8110221,7635.526011,0.01670013,1.862348466,360.6733706,7637.388359,0.996090049,360.6629123,23.43666203,23.43648292,0.608227344,0.2636566,0.043023925,-7.204803562,91.29464631,12:24:24,6:19:14,18:29:35,730.3571705,209.5951964,-127.6012009,117.9412967,-27.94129673,0.010878666,-27.93041806,63.74206132
,,,2020/3/21,4:00:00,2458929.33,0.20217203,,358.815129,7635.530117,0.01670013,1.862380194,360.6775092,7637.392498,0.996091217,360.6670509,23.43666203,23.43648293,0.612024588,0.265302558,0.043023925,-7.203563347,91.29599884,12:24:24,6:19:13,18:29:35,730.3679907,215.5964367,-126.1008908,116.8950451,-26.8950451,0.011375729,-26.88366937,64.95345651
,,,2020/3/21,4:06:00,2458929.34,0.20217214,,358.8192358,7635.534224,0.01670013,1.862411913,360.6816477,7637.396636,0.996092385,360.6711895,23.43666203,23.43648294,0.615821825,0.26694851,0.043023925,-7.202323103,91.29735136,12:24:24,6:19:13,18:29:36,730.3788109,221.5976769,-124.6005808,115.8385228,-25.83852277,0.011915367,-25.82660741,66.14236673
,,,2020/3/21,4:12:00,2458929.34,0.20217226,,358.8233427,7635.538331,0.01670013,1.862443621,360.6857863,7637.400774,0.996093554,360.675328,23.43666203,23.43648294,0.619619053,0.268594458,0.043023925,-7.20108283,91.29870387,12:24:24,6:19:12,18:29:36,730.389631,227.5989172,-123.1002707,114.7723671,-24.77236709,0.012503257,-24.75986384,67.30999351
,,,2020/3/21,4:18:00,2458929.35,0.20217237,,358.8274496,7635.542437,0.01670013,1.86247532,360.6899249,7637.404913,0.996094722,360.6794666,23.43666203,23.43648295,0.623416274,0.2702404,0.043023925,-7.199842527,91.30005639,12:24:24,6:19:12,18:29:36,730.4004511,233.6001575,-121.5999606,113.6971855,-23.69718548,0.013146181,-23.6840393,68.45750973
,,,2020/3/21,4:24:00,2458929.35,0.20217248,,358.8315564,7635.546544,0.01670013,1.86250701,360.6940634,7637.409051,0.99609589,360.6836051,23.43666202,23.43648296,0.627213487,0.271886337,0.043023925,-7.198602194,91.3014089,12:24:24,6:19:12,18:29:36,730.4112712,239.6013978,-120.0996505,112.6135572,-22.61355724,0.013852295,-22.59970495,69.58605909
,,,2020/3/21,4:30:00,2458929.35,0.20217260,,358.8356633,7635.550651,0.01670013,1.862538689,360.698202,7637.413189,0.996097059,360.6877437,23.43666202,23.43648297,0.631010692,0.27353227,0.043023925,-7.197361832,91.30276142,12:24:24,6:19:11,18:29:37,730.4220913,245.6026382,-118.5993405,111.5220354,-21.52203536,0.014631494,-21.50740387,70.69675606
,,,2020/3/21,4:36:00,2458929.36,0.20217271,,358.8397702,7635.554757,0.01670013,1.862570359,360.7023405,7637.417328,0.996098227,360.6918822,23.43666202,23.43648298,0.634807889,0.275178197,0.043023925,-7.196121441,91.30411392,12:24:24,6:19:11,18:29:37,730.4329114,251.6038786,-117.0990304,110.4231482,-20.42314821,0.015495897,-20.40765232,71.7906861
,,,2020/3/21,4:42:00,2458929.36,0.20217283,,358.843877,7635.558864,0.01670013,1.862602019,360.706479,7637.421466,0.996099395,360.6960207,23.43666202,23.43648299,0.638605078,0.276824119,0.043023925,-7.19488102,91.30546643,12:24:24,6:19:10,18:29:37,730.4437315,257.605119,-115.5987203,109.3174013,-19.31740128,0.016460506,-19.30094077,72.86890625
,,,2020/3/21,4:48:00,2458929.37,0.20217294,,358.8479839,7635.562971,0.01670013,1.86263367,360.7106175,7637.425604,0.996100564,360.7001593,23.43666202,23.43648299,0.64240226,0.278470037,0.043023925,-7.19364057,91.30681894,12:24:24,6:19:10,18:29:37,730.4545515,263.6063594,-114.0984101,108.2052787,-18.20527872,0.017544107,-18.18773461,73.93244592
,,,2020/3/21,4:54:00,2458929.37,0.20217305,,358.8520907,7635.567077,0.01670013,1.862665311,360.7147561,7637.429743,0.996101732,360.7042978,23.43666202,23.436483,0.646199433,0.280115949,0.043023925,-7.19240009,91.30817144,12:24:24,6:19:10,18:29:38,730.4653715,269.6075999,-112.5981,107.087245,-17.08724496,0.018770546,-17.06847442,74.98230787
,,,2020/3/21,5:00:00,2458929.38,0.20217317,,358.8561976,7635.571184,0.01670013,1.862696942,360.7188945,7637.433881,0.996102901,360.7084362,23.43666201,23.43648301,0.649996599,0.281761856,0.043023925,-7.191159581,91.30952394,12:24:23,6:19:09,18:29:38,730.4761915,275.6088404,-111.0977899,105.9637462,-15.96374618,0.020170542,-15.94357564,76.0194694
,,,2020/3/21,5:06:00,2458929.38,0.20217328,,358.8603045,7635.575291,0.01670013,1.862728563,360.723033,7637.438019,0.996104069,360.7125747,23.43666201,23.43648302,0.653793757,0.283407758,0.043023925,-7.189919042,91.31087644,12:24:23,6:19:09,18:29:38,730.4870115,281.610081,-109.5974798,104.8352118,-14.83521176,0.021784357,-14.8134274,77.04488358
,,,2020/3/21,5:12:00,2458929.38,0.20217340,,358.8644113,7635.579397,0.01670013,1.862760175,360.7271715,7637.442158,0.996105238,360.7167132,23.43666201,23.43648303,0.657590907,0.285053654,0.043023925,-7.188678475,91.31222893,12:24:23,6:19:08,18:29:38,730.4978315,287.6113215,-108.0971696,103.7020556,-13.70205562,0.023665801,-13.67838982,78.05948069
,,,2020/3/21,5:18:00,2458929.39,0.20217351,,358.8685182,7635.583504,0.01670013,1.862791777,360.73131,7637.446296,0.996106406,360.7208517,23.43666201,23.43648304,0.661388049,0.286699546,0.043023925,-7.187437878,91.31358143,12:24:23,6:19:08,18:29:39,730.5086514,293.6125621,-106.5968595,102.5646776,-12.56467763,0.025888454,-12.53878918,79.06416965
,,,2020/3/21,5:24:00,2458929.39,0.20217363,,358.8726251,7635.587611,0.01670013,1.862823369,360.7354484,7637.450434,0.996107575,360.7249901,23.43666201,23.43648304,0.665185184,0.288345433,0.043023925,-7.186197251,91.31493392,12:24:23,6:19:08,18:29:39,730.5194714,299.6138027,-105.0965493,101.4234648,-11.42346482,0.028555649,-11.39490917,80.05983954
,,,2020/3/21,5:30:00,2458929.40,0.20217374,,358.8767319,7635.591717,0.01670013,1.862854951,360.7395869,7637.454572,0.996108743,360.7291286,23.43666201,23.43648305,0.66898231,0.289991314,0.043023925,-7.184956596,91.31628641,12:24:23,6:19:07,18:29:39,730.5302913,305.6150434,-103.5962391,100.2787926,-10.27879261,0.031817198,-10.24697542,81.04736124
,,,2020/3/21,5:36:00,2458929.40,0.20217385,,358.8808388,7635.595824,0.01670013,1.862886524,360.7437253,7637.458711,0.996109912,360.733267,23.43666201,23.43648306,0.672779429,0.29163719,0.043023925,-7.183715911,91.3176389,12:24:23,6:19:07,18:29:39,730.5411112,311.6162841,-102.095929,99.13102605,-9.131026049,0.035898825,-9.095127224,82.02758894
,,,2020/3/21,5:42:00,2458929.40,0.20217397,,358.8849457,7635.599931,0.01670013,1.862918087,360.7478637,7637.462849,0.99611108,360.7374054,23.436662,23.43648307,0.67657654,0.293283061,0.043023926,-7.182475197,91.31899138,12:24:23,6:19:06,18:29:40,730.551931,317.6175248,-100.5956188,97.98052089,-7.980520893,0.041157206,-7.939363687,83.00136187
,,,2020/3/21,5:48:00,2458929.41,0.20217408,,358.8890525,7635.604037,0.01670013,1.86294964,360.7520022,7637.466987,0.996112249,360.7415438,23.436662,23.43648308,0.680373644,0.294928927,0.043023926,-7.181234454,91.32034386,12:24:23,6:19:06,18:29:40,730.5627509,323.6187655,-99.09530861,96.82762476,-6.827624757,0.048191037,-6.77943372,83.96950591
,,,2020/3/21,5:54:00,2458929.41,0.20217420,,358.8931594,7635.608144,0.01670013,1.862981184,360.7561406,7637.471125,0.996113418,360.7456823,23.436662,23.43648309,0.684170739,0.296574788,0.043023926,-7.179993682,91.32169634,12:24:23,6:19:06,18:29:40,730.5735708,329.6200063,-97.59499842,95.67267817,-5.672678174,0.058088212,-5.614589962,84.93283526
,,,2020/3/21,6:00:00,2458929.42,0.20217431,,358.8972662,7635.612251,0.01670013,1.863012718,360.760279,7637.475263,0.996114586,360.7498207,23.436662,23.43648309,0.687967827,0.298220644,0.043023926,-7.17875288,91.32304882,12:24:23,6:19:05,18:29:40,730.5843906,335.6212471,-96.09468822,94.51601564,-4.516015637,0.073053723,-4.442961915,85.89215414
,,,2020/3/21,6:06:00,2458929.42,0.20217442,,358.9013731,7635.616357,0.01670013,1.863044242,360.7644174,7637.479402,0.996115755,360.753959,23.436662,23.4364831,0.691764907,0.299866494,0.043023926,-7.17751205,91.3244013,12:24:23,6:19:05,18:29:41,730.5952104,341.622488,-94.59437801,93.35796663,-3.357966629,0.098338692,-3.259627937,86.84825845
,,,2020/3/21,6:12:00,2458929.43,0.20217454,,358.90548,7635.620464,0.01670013,1.863075757,360.7685557,7637.48354,0.996116924,360.7580974,23.436662,23.43648311,0.695561978,0.30151234,0.043023926,-7.17627119,91.32575377,12:24:23,6:19:04,18:29:41,730.6060302,347.6237288,-93.0940678,92.19885662,-2.198856615,0.150275524,-2.048581092,87.80193748
,,,2020/3/21,6:18:00,2458929.43,0.20217465,,358.9095868,7635.624571,0.01670013,1.863107262,360.7726941,7637.487678,0.996118092,360.7622358,23.436662,23.43648312,0.699359043,0.30315818,0.043023926,-7.175030302,91.32710625,12:24:23,6:19:04,18:29:41,730.61685,353.6249697,-91.59375758,91.03900803,-1.039008033,0.318150003,-0.72085803,88.75397557
,,,2020/3/21,6:24:00,2458929.43,0.20217477,,358.9136937,7635.628677,0.01670013,1.863138757,360.7768325,7637.491816,0.996119261,360.7663741,23.43666199,23.43648313,0.703156099,0.304804015,0.043023926,-7.173789384,91.32845871,12:24:22,6:19:04,18:29:41,730.6276697,359.6262106,-90.09344735,89.87874126,0.121258739,0.464905953,0.586164692,89.70515384
,,,2020/3/21,6:30:00,2458929.44,0.20217488,,358.9178006,7635.632784,0.01670013,1.863170242,360.7809708,7637.495954,0.99612043,360.7705125,23.43666199,23.43648314,0.706953148,0.306449845,0.043023926,-7.172548438,91.32981118,12:24:22,6:19:03,18:29:42,730.6384895,365.6274516,-88.59313711,88.71837558,1.281624417,0.337693475,1.619317892,90.65625187
,,,2020/3/21,6:36:00,2458929.44,0.20217499,,358.9219074,7635.636891,0.01670013,1.863201718,360.7851091,7637.500092,0.996121599,360.7746508,23.43666199,23.43648314,0.710750189,0.308095669,0.043023926,-7.171307462,91.33116365,12:24:22,6:19:03,18:29:42,730.6493092,371.6286925,-87.09282687,87.55823015,2.441769851,0.257011989,2.69878184,91.60804939
,,,2020/3/21,6:42:00,2458929.45,0.20217511,,358.9260143,7635.640997,0.01670013,1.863233184,360.7892475,7637.504231,0.996122767,360.7787892,23.43666199,23.43648315,0.714547223,0.309741488,0.043023926,-7.170066457,91.33251611,12:24:22,6:19:02,18:29:42,730.6601289,377.6299335,-85.59251661,86.39862493,3.601375067,0.203345644,3.80472071,92.56132799
,,,2020/3/21,6:48:00,2458929.45,0.20217522,,358.9301212,7635.645104,0.01670013,1.86326464,360.7933858,7637.508369,0.996123936,360.7829275,23.43666199,23.43648316,0.718344248,0.311387302,0.043023926,-7.168825424,91.33386857,12:24:22,6:19:02,18:29:42,730.6709486,383.6311746,-84.09220636,85.2398817,4.760118301,0.165764583,4.925882884,93.51687283
,,,2020/3/21,6:54:00,2458929.45,0.20217534,,358.934228,7635.649211,0.01670013,1.863296087,360.7975241,7637.512507,0.996125105,360.7870658,23.43666199,23.43648317,0.722141266,0.313033111,0.043023926,-7.167584362,91.33522103,12:24:22,6:19:02,18:29:43,730.6817682,389.6324156,-82.59189609,84.08232497,5.917675028,0.140238856,6.057913884,94.47547433
,,,2020/3/21,7:00:00,2458929.46,0.20217545,,358.9383349,7635.653317,0.01670013,1.863327523,360.8016624,7637.516645,0.996126274,360.7912041,23.43666199,23.43648318,0.725938276,0.314678915,0.043023926,-7.166343271,91.33657349,12:24:22,6:19:01,18:29:43,730.6925879,395.6336567,-81.09158582,82.92628303,7.073716975,0.120693019,7.194409994,95.4379299
,,,2020/3/21,7:06:00,2458929.46,0.20217556,,358.9424418,7635.657424,0.01670013,1.863358951,360.8058007,7637.520783,0.996127443,360.7953424,23.43666198,23.43648319,0.729735279,0.316324713,0.043023926,-7.165102151,91.33792594,12:24:22,6:19:01,18:29:43,730.7034075,401.6348978,-79.59127554,81.77208888,8.227911119,0.105557604,8.333468723,96.40504564
,,,2020/3/21,7:12:00,2458929.47,0.20217568,,358.9465486,7635.661531,0.01670013,1.863390368,360.809939,7637.524921,0.996128612,360.7994807,23.43666198,23.43648319,0.733532273,0.317970507,0.043023926,-7.163861002,91.33927839,12:24:22,6:19:00,18:29:43,730.7142271,407.636139,-78.09096525,80.62008133,9.379918665,0.093580108,9.473498773,97.37763808
,,,2020/3/21,7:18:00,2458929.47,0.20217579,,358.9506555,7635.665637,0.01670013,1.863421776,360.8140773,7637.529059,0.996129781,360.8036189,23.43666198,23.4364832,0.737329261,0.319616295,0.043023926,-7.162619824,91.34063084,12:24:22,6:19:00,18:29:44,730.7250467,413.6373802,-76.59065496,79.470606,10.529394,0.083908618,10.61330262,98.35653587
,,,2020/3/21,7:24:00,2458929.48,0.20217591,,358.9547623,7635.669744,0.01670013,1.863453174,360.8182155,7637.533197,0.996130949,360.8077572,23.43666198,23.43648321,0.74112624,0.321262077,0.043023926,-7.161378618,91.34198329,12:24:22,6:19:00,18:29:44,730.7358663,419.6386214,-75.09034465,78.3240164,11.6759836,0.075956684,11.75194028,99.34258153
,,,2020/3/21,7:30:00,2458929.48,0.20217602,,358.9588692,7635.673851,0.01670013,1.863484562,360.8223538,7637.537335,0.996132118,360.8118954,23.43666198,23.43648322,0.744923212,0.322907854,0.043023926,-7.160137382,91.34333573,12:24:22,6:18:59,18:29:44,730.7466859,425.6398626,-73.59003435,77.18067506,12.81932494,0.06931368,12.88863862,100.3366331
,,,2020/3/21,7:36:00,2458929.48,0.20217614,,358.9629761,7635.677957,0.01670013,1.863515941,360.826492,7637.541473,0.996133287,360.8160337,23.43666198,23.43648323,0.748720176,0.324553627,0.043023926,-7.158896118,91.34468817,12:24:22,6:18:59,18:29:44,730.7575054,431.6411039,-72.08972403,76.04095466,13.95904534,0.063686335,14.02273167,101.339566
,,,2020/3/21,7:42:00,2458929.49,0.20217625,,358.9670829,7635.682064,0.01670013,1.863547309,360.8306302,7637.545611,0.996134456,360.8201719,23.43666197,23.43648324,0.752517132,0.326199393,0.043023926,-7.157654826,91.34604062,12:24:21,6:18:58,18:29:45,730.7683249,437.6423452,-70.58941371,74.90523926,15.09476074,0.058860938,15.15362168,102.3522744
,,,2020/3/21,7:48:00,2458929.49,0.20217636,,358.9711898,7635.686171,0.01670013,1.863578669,360.8347685,7637.549749,0.996135625,360.8243101,23.43666197,23.43648324,0.756314081,0.327845155,0.043023926,-7.156413504,91.34739305,12:24:21,6:18:58,18:29:45,730.7791444,443.6435865,-69.08910338,73.77392548,16.22607452,0.054678746,16.28075327,103.3756734
,,,2020/3/21,7:54:00,2458929.50,0.20217648,,358.9752967,7635.690277,0.01670013,1.863610018,360.8389067,7637.553887,0.996136794,360.8284483,23.43666197,23.43648325,0.760111022,0.329490911,0.043023926,-7.155172155,91.34874549,12:24:21,6:18:58,18:29:45,730.7899639,449.6448278,-67.58879304,72.64742385,17.35257615,0.051019725,17.40359588,104.4106999
,,,2020/3/21,8:00:00,2458929.50,0.20217659,,358.9794035,7635.694384,0.01670013,1.863641358,360.8430449,7637.558025,0.996137963,360.8325865,23.43666197,23.43648326,0.763907955,0.331136662,0.043023926,-7.153930776,91.35009792,12:24:21,6:18:57,18:29:45,730.8007834,455.6460692,-66.08848269,71.5261601,18.4738399,0.04779163,18.52163153,105.458315
,,,2020/3/21,8:06:00,2458929.50,0.20217671,,358.9835104,7635.698491,0.01670013,1.863672688,360.8471831,7637.562163,0.996139132,360.8367247,23.43666197,23.43648327,0.767704881,0.332782407,0.043023926,-7.152689369,91.35145035,12:24:21,6:18:57,18:29:46,730.8116028,461.6473106,-64.58817234,70.41057659,19.58942341,0.04492252,19.63434593,106.519505
,,,2020/3/21,8:12:00,2458929.51,0.20217682,,358.9876173,7635.702597,0.01670013,1.863704008,360.8513213,7637.566301,0.996140301,360.8408629,23.43666197,23.43648328,0.771501799,0.334428148,0.043023926,-7.151447933,91.35280278,12:24:21,6:18:56,18:29:46,730.8224223,467.6485521,-63.08786198,69.30113377,20.69886623,0.042355533,20.74122177,107.5952827
,,,2020/3/21,8:18:00,2458929.51,0.20217693,,358.9917241,7635.706704,0.01670013,1.863735319,360.8554594,7637.570439,0.99614147,360.8450011,23.43666197,23.43648329,0.775298709,0.336073883,0.043023926,-7.150206469,91.35415521,12:24:21,6:18:56,18:29:46,730.8332417,473.6497935,-61.58755162,68.19831168,21.80168832,0.040045179,21.8417335,108.6866892
,,,2020/3/21,8:24:00,2458929.52,0.20217705,,358.995831,7635.710811,0.01670013,1.863766619,360.8595976,7637.574577,0.99614264,360.8491393,23.43666196,23.43648329,0.779095612,0.337719612,0.043023926,-7.148964976,91.35550763,12:24:21,6:18:56,18:29:46,730.8440611,479.651035,-60.08724124,67.10261155,22.89738845,0.037954666,22.93534311,109.7947946
,,,2020/3/21,8:30:00,2458929.52,0.20217716,,358.9999378,7635.714917,0.01670013,1.863797911,360.8637358,7637.578715,0.996143809,360.8532774,23.43666196,23.4364833,0.782892507,0.339365336,0.043023926,-7.147723455,91.35686006,12:24:21,6:18:55,18:29:47,730.8548804,485.6522765,-58.58693086,66.01455747,23.98544253,0.03605394,24.02149647,110.9206993
,,,2020/3/21,8:36:00,2458929.53,0.20217728,,359.0040447,7635.719024,0.01670013,1.863829192,360.8678739,7637.582853,0.996144978,360.8574156,23.43666196,23.43648331,0.786689395,0.341011055,0.043023926,-7.146481905,91.35821248,12:24:21,6:18:55,18:29:47,730.8656998,491.6535181,-57.08662048,64.93469806,25.06530194,0.034318225,25.09962017,112.0655345
,,,2020/3/21,8:42:00,2458929.53,0.20217739,,359.0081516,7635.723131,0.01670013,1.863860464,360.872012,7637.586991,0.996146147,360.8615537,23.43666196,23.43648332,0.790486274,0.342656769,0.043023926,-7.145240327,91.35956489,12:24:21,6:18:54,18:29:47,730.8765191,497.6547597,-55.58631008,63.86360829,26.13639171,0.032726931,26.16911864,113.2304627
,,,2020/3/21,8:48:00,2458929.53,0.20217750,,359.0122584,7635.727237,0.01670013,1.863891726,360.8761502,7637.591129,0.996147316,360.8656918,23.43666196,23.43648333,0.794283147,0.344302477,0.043023927,-7.14399872,91.36091731,12:24:21,6:18:54,18:29:47,730.8873385,503.6560013,-54.08599968,62.80189131,27.19810869,0.031262817,27.22937151,114.4166779
,,,2020/3/21,8:54:00,2458929.54,0.20217762,,359.0163653,7635.731344,0.01670013,1.863922978,360.8802883,7637.595267,0.996148485,360.8698299,23.43666196,23.43648334,0.798080011,0.34594818,0.043023927,-7.142757085,91.36226972,12:24:21,6:18:54,18:29:48,730.8981578,509.6572429,-52.58568927,61.75018033,28.24981967,0.029911348,28.27973101,115.6254056
,,,2020/3/21,9:00:00,2458929.54,0.20217773,,359.0204722,7635.735451,0.01670013,1.863954221,360.8844264,7637.599405,0.996149655,360.873968,23.43666196,23.43648334,0.801876868,0.347593877,0.043023927,-7.141515421,91.36362213,12:24:20,6:18:53,18:29:48,730.9089771,515.6584846,-51.08537886,60.70914058,29.29085942,0.028660194,29.31951961,116.8579014
,,,2020/3/21,9:06:00,2458929.55,0.20217785,,359.024579,7635.739557,0.01670013,1.863985454,360.8885645,7637.603543,0.996150824,360.8781061,23.43666195,23.43648335,0.805673718,0.349239569,0.043023927,-7.140273729,91.36497454,12:24:20,6:18:53,18:29:48,730.9197963,521.6597263,-49.58506843,59.67947127,30.32052873,0.027498838,30.34802757,118.1154503
,,,2020/3/21,9:12:00,2458929.55,0.20217796,,359.0286859,7635.743664,0.01670013,1.864016677,360.8927026,7637.607681,0.996151993,360.8822442,23.43666195,23.43648336,0.80947056,0.350885256,0.043023927,-7.139032009,91.36632695,12:24:20,6:18:52,18:29:48,730.9306156,527.660968,-48.084758,58.66190758,31.33809242,0.026418261,31.36451068,119.3993644
,,,2020/3/21,9:18:00,2458929.55,0.20217807,,359.0327928,7635.747771,0.01670013,1.86404789,360.8968406,7637.611819,0.996153162,360.8863823,23.43666195,23.43648337,0.813267394,0.352530937,0.043023927,-7.13779026,91.36767935,12:24:20,6:18:52,18:29:49,730.9414348,533.6622097,-46.58444757,57.65722269,32.34277731,0.025410699,32.36818801,120.7109803
,,,2020/3/21,9:24:00,2458929.56,0.20217819,,359.0368996,7635.751877,0.01670013,1.864079094,360.9009787,7637.615957,0.996154332,360.8905204,23.43666195,23.43648338,0.817064221,0.354176613,0.043023927,-7.136548484,91.36903175,12:24:20,6:18:52,18:29:49,730.952254,539.6634515,-45.08413712,56.66622972,33.33377028,0.024469436,33.35823972,122.0516551
,,,2020/3/21,9:30:00,2458929.56,0.20217830,,359.0410065,7635.755984,0.01670013,1.864110288,360.9051168,7637.620094,0.996155501,360.8946584,23.43666195,23.43648339,0.82086104,0.355822283,0.043023927,-7.135306679,91.37038415,12:24:20,6:18:51,18:29:49,730.9630732,545.6646933,-43.58382667,55.68978366,34.31021634,0.023588643,34.33380498,123.4227622
,,,2020/3/21,9:36:00,2458929.57,0.20217842,,359.0451134,7635.760091,0.01670013,1.864141472,360.9092548,7637.624232,0.99615667,360.8987965,23.43666195,23.43648339,0.824657852,0.357467948,0.043023927,-7.134064845,91.37173655,12:24:20,6:18:51,18:29:49,730.9738924,551.6659352,-42.08351621,54.7287832,35.2712168,0.022763247,35.29398005,124.8256847
,,,2020/3/21,9:42:00,2458929.57,0.20217853,,359.0492202,7635.764197,0.01670013,1.864172647,360.9133929,7637.62837,0.99615784,360.9029345,23.43666195,23.4364834,0.828454656,0.359113608,0.043023927,-7.132822984,91.37308894,12:24:20,6:18:50,18:29:50,730.9847115,557.667177,-40.58320575,53.78417244,36.21582756,0.021988821,36.23781638,126.2618084
,,,2020/3/21,9:48:00,2458929.58,0.20217864,,359.0533271,7635.768304,0.01670013,1.864203812,360.9175309,7637.632508,0.996159009,360.9070725,23.43666194,23.43648341,0.832251452,0.360759262,0.043023927,-7.131581094,91.37444133,12:24:20,6:18:50,18:29:50,730.9955307,563.6684189,-39.08289527,52.85694237,37.14305763,0.021261493,37.16431912,127.7325132
,,,2020/3/21,9:54:00,2458929.58,0.20217876,,359.0574339,7635.772411,0.01670013,1.864234967,360.9216689,7637.636646,0.996160178,360.9112105,23.43666194,23.43648342,0.836048241,0.362404911,0.043023927,-7.130339176,91.37579372,12:24:20,6:18:50,18:29:50,731.0063498,569.6696608,-37.58258479,51.94813214,38.05186786,0.020577872,38.07244573,129.239162
,,,2020/3/21,10:00:00,2458929.58,0.20217887,,359.0615408,7635.776517,0.01670013,1.864266112,360.9258069,7637.640784,0.996161348,360.9153486,23.43666194,23.43648343,0.839845023,0.364050554,0.043023927,-7.12909723,91.37714611,12:24:20,6:18:49,18:29:50,731.0171689,575.6709028,-36.08227431,51.05883,38.94117,0.019934983,38.96110498,130.7830885
,,,2020/3/21,10:06:00,2458929.59,0.20217899,,359.0656477,7635.780624,0.01670013,1.864297248,360.9299449,7637.644921,0.996162517,360.9194866,23.43666194,23.43648344,0.843641797,0.365696191,0.043023927,-7.127855256,91.3784985,12:24:20,6:18:49,18:29:51,731.027988,581.6721447,-34.58196381,50.19017381,39.80982619,0.019330217,39.8291564,132.365583
,,,2020/3/21,10:12:00,2458929.59,0.20217910,,359.0697545,7635.784731,0.01670013,1.864328374,360.9340829,7637.649059,0.996163687,360.9236245,23.43666194,23.43648344,0.847438563,0.367341824,0.043023927,-7.126613254,91.37985088,12:24:20,6:18:48,18:29:51,731.038807,587.6733867,-33.08165331,49.34335108,40.65664892,0.018761285,40.67541021,133.9878752
,,,2020/3/21,10:18:00,2458929.60,0.20217922,,359.0738614,7635.788837,0.01670013,1.86435949,360.9382209,7637.653197,0.996164856,360.9277625,23.43666194,23.43648345,0.851235322,0.36898745,0.043023927,-7.125371224,91.38120326,12:24:20,6:18:48,18:29:51,731.0496261,593.6746288,-31.58134281,48.51959835,41.48040165,0.018226181,41.49862783,135.6511155
,,,2020/3/21,10:24:00,2458929.60,0.20217933,,359.0779683,7635.792944,0.01670013,1.864390597,360.9423589,7637.657335,0.996166025,360.9319005,23.43666193,23.43648346,0.855032073,0.370633072,0.043023927,-7.124129165,91.38255564,12:24:19,6:18:48,18:29:51,731.0604451,599.6758708,-30.08103229,47.72019996,42.27980004,0.017723149,42.29752319,137.3563537
,,,2020/3/21,10:30:00,2458929.60,0.20217944,,359.0820751,7635.797051,0.01670013,1.864421694,360.9464968,7637.661473,0.996167195,360.9360384,23.43666193,23.43648347,0.858828817,0.372278688,0.043023927,-7.122887079,91.38390801,12:24:19,6:18:47,18:29:52,731.0712641,605.6771129,-28.58072177,46.94648585,43.05351415,0.017250653,43.07076481,139.1045155
,,,2020/3/21,10:36:00,2458929.61,0.20217956,,359.086182,7635.801157,0.01670013,1.864452781,360.9506348,7637.66561,0.996168364,360.9401764,23.43666193,23.43648348,0.862625554,0.373924298,0.043023927,-7.121644965,91.38526039,12:24:19,6:18:47,18:29:52,731.0820831,611.678355,-27.08041124,46.19982846,43.80017154,0.016807358,43.8169789,140.8963762
,,,2020/3/21,10:42:00,2458929.61,0.20217967,,359.0902889,7635.805264,0.01670013,1.864483858,360.9547727,7637.669748,0.996169534,360.9443143,23.43666193,23.43648349,0.866422283,0.375569903,0.043023927,-7.120402822,91.38661276,12:24:19,6:18:46,18:29:52,731.0929021,617.6795972,-25.58010071,45.48163857,44.51836143,0.016392104,44.53475354,142.7325331
,,,2020/3/21,10:48:00,2458929.62,0.20217979,,359.0943957,7635.809371,0.01670013,1.864514926,360.9589106,7637.673886,0.996170704,360.9484523,23.43666193,23.4364835,0.870219004,0.377215502,0.043023927,-7.119160652,91.38796513,12:24:19,6:18:46,18:29:52,731.103721,623.6808393,-24.07979016,44.79335982,45.20664018,0.01600389,45.22264407,144.6133757
,,,2020/3/21,10:54:00,2458929.62,0.20217990,,359.0985026,7635.813477,0.01670013,1.864545984,360.9630486,7637.678023,0.996171873,360.9525902,23.43666193,23.4364835,0.874015718,0.378861096,0.043023927,-7.117918454,91.38931749,12:24:19,6:18:46,18:29:53,731.1145399,629.6820815,-22.57947961,44.13646203,45.86353797,0.015641857,45.87917983,146.5390551
,,,2020/3/21,11:00:00,2458929.63,0.20218001,,359.1026094,7635.817584,0.01670013,1.864577032,360.9671865,7637.682161,0.996173043,360.9567281,23.43666193,23.43648351,0.877812425,0.380506684,0.043023927,-7.116676228,91.39066986,12:24:19,6:18:45,18:29:53,731.1253588,635.6833238,-21.07916906,43.51243297,46.48756703,0.015305271,46.5028723,148.5094522
,,,2020/3/21,11:06:00,2458929.63,0.20218013,,359.1067163,7635.821691,0.01670013,1.864608071,360.9713244,7637.686299,0.996174212,360.960866,23.43666192,23.43648352,0.881609123,0.382152267,0.043023927,-7.115433974,91.39202222,12:24:19,6:18:45,18:29:53,731.1361777,641.684566,-19.57885849,42.92276876,47.07723124,0.014993513,47.09222475,150.524147
,,,2020/3/21,11:12:00,2458929.63,0.20218024,,359.1108232,7635.825797,0.01670013,1.8646391,360.9754623,7637.690437,0.996175382,360.9650039,23.43666192,23.43648353,0.885405815,0.383797844,0.043023927,-7.114191692,91.39337458,12:24:19,6:18:44,18:29:53,731.1469966,647.6858083,-18.07854792,42.3689627,47.6310373,0.014706066,47.64574336,152.5823889
,,,2020/3/21,11:18:00,2458929.64,0.20218036,,359.11493,7635.829904,0.01670013,1.864670119,360.9796002,7637.694574,0.996176551,360.9691418,23.43666192,23.43648354,0.889202499,0.385443415,0.043023927,-7.112949383,91.39472693,12:24:19,6:18:44,18:29:54,731.1578155,653.6870506,-16.57823735,41.85249265,48.14750735,0.014442499,48.16194985,154.6830689
,,,2020/3/21,11:24:00,2458929.64,0.20218047,,359.1190369,7635.834011,0.01670013,1.864701128,360.983738,7637.698712,0.996177721,360.9732796,23.43666192,23.43648355,0.892999176,0.387088982,0.043023927,-7.111707045,91.39607929,12:24:19,6:18:44,18:29:54,731.1686343,659.688293,-15.07792676,41.374807,48.625193,0.014202461,48.63939546,156.8246971
,,,2020/3/21,11:30:00,2458929.65,0.20218058,,359.1231438,7635.838117,0.01670013,1.864732128,360.9878759,7637.70285,0.996178891,360.9774175,23.43666192,23.43648355,0.896795845,0.388734542,0.043023927,-7.11046468,91.39743164,12:24:19,6:18:43,18:29:54,731.1794531,665.6895353,-13.57761617,40.93730948,49.06269052,0.013985673,49.0766762,159.0053842
,,,2020/3/21,11:36:00,2458929.65,0.20218070,,359.1272506,7635.842224,0.01670013,1.864763118,360.9920137,7637.706987,0.996180061,360.9815554,23.43666192,23.43648356,0.900592507,0.390380097,0.043023927,-7.109222287,91.39878399,12:24:19,6:18:43,18:29:54,731.1902719,671.6907777,-12.07730557,40.54134288,49.45865712,0.013791909,49.47244903,161.2228302
,,,2020/3/21,11:42:00,2458929.65,0.20218081,,359.1313575,7635.846331,0.01670013,1.864794098,360.9961516,7637.711125,0.99618123,360.9856932,23.43666192,23.43648357,0.904389161,0.392025646,0.043023927,-7.107979867,91.40013634,12:24:18,6:18:42,18:29:55,731.2010907,677.6920201,-10.57699497,40.18817221,49.81182779,0.013620999,49.82544879,163.4743218
,,,2020/3/21,11:48:00,2458929.66,0.20218093,,359.1354644,7635.850437,0.01670013,1.864825069,361.0002894,7637.715263,0.9961824,360.989831,23.43666191,23.43648358,0.908185808,0.39367119,0.043023927,-7.106737418,91.40148868,12:24:18,6:18:42,18:29:55,731.2119095,683.6932626,-9.076684355,39.87896753,50.12103247,0.013472811,50.13450528,165.7567387
,,,2020/3/21,11:54:00,2458929.66,0.20218104,,359.1395712,7635.854544,0.01670013,1.86485603,361.0044273,7637.7194,0.99618357,360.9939689,23.43666191,23.43648359,0.911982447,0.395316728,0.043023927,-7.105494942,91.40284102,12:24:18,6:18:42,18:29:55,731.2227282,689.6945051,-7.576373736,39.61478696,50.38521304,0.01334725,50.39856029,168.06657
,,,2020/3/21,12:00:00,2458929.67,0.20218115,,359.1436781,7635.858651,0.01670013,1.864886981,361.0085651,7637.723538,0.996184739,360.9981067,23.43666191,23.4364836,0.915779079,0.396962261,0.043023928,-7.104252439,91.40419336,12:24:18,6:18:41,18:29:55,731.2335469,695.6957476,-6.07606311,39.3965604,50.6034396,0.013244247,50.61668385,170.399942
,,,2020/3/21,12:06:00,2458929.67,0.20218127,,359.147785,7635.862757,0.01670013,1.864917922,361.0127029,7637.727675,0.996185909,361.0022445,23.43666191,23.4364836,0.919575704,0.398607788,0.043023928,-7.103009907,91.4055457,12:24:18,6:18:41,18:29:56,731.2443656,701.6969901,-4.575752477,39.22507448,50.77492552,0.013163753,50.78808927,172.7526567
,,,2020/3/21,12:12:00,2458929.68,0.20218138,,359.1518918,7635.866864,0.01670013,1.864948854,361.0168407,7637.731813,0.996187079,361.0063823,23.43666191,23.43648361,0.923372321,0.400253309,0.043023928,-7.101767348,91.40689804,12:24:18,6:18:40,18:29:56,731.2551843,707.6982327,-3.075441837,39.10095931,50.89904069,0.013105739,50.91214643,175.1202408
,,,2020/3/21,12:18:00,2458929.68,0.20218150,,359.1559987,7635.870971,0.01670013,1.864979776,361.0209785,7637.735951,0.996188249,361.0105201,23.43666191,23.43648362,0.927168931,0.401898825,0.043023928,-7.100524762,91.40825037,12:24:18,6:18:40,18:29:56,731.266003,713.6994752,-1.57513119,39.02467746,50.97532254,0.013070184,50.98839273,177.4980036
,,,2020/3/21,12:24:00,2458929.68,0.20218161,,359.1601055,7635.875077,0.01670013,1.865010688,361.0251162,7637.740088,0.996189419,361.0146578,23.43666191,23.43648363,0.930965533,0.403544335,0.043023928,-7.099282148,91.4096027,12:24:18,6:18:40,18:29:56,731.2768216,719.7007179,-0.074820537,38.99651565,51.00348435,0.013057076,51.01654142,179.881103
,,,2020/3/21,12:30:00,2458929.69,0.20218172,,359.1642124,7635.879184,0.01670013,1.86504159,361.029254,7637.744226,0.996190589,361.0187956,23.4366619,23.43648364,0.934762129,0.40518984,0.043023928,-7.098039506,91.41095503,12:24:18,6:18:39,18:29:57,731.2876402,725.7019605,1.425490123,39.0165796,50.9834204,0.013066414,50.99648682,182.2646166
,,,2020/3/21,12:36:00,2458929.69,0.20218184,,359.1683193,7635.883291,0.01670013,1.865072483,361.0333918,7637.748363,0.996191758,361.0229334,23.4366619,23.43648365,0.938558716,0.406835338,0.043023928,-7.096796837,91.41230735,12:24:18,6:18:39,18:29:57,731.2984588,731.7032032,2.925800791,39.08479198,50.91520802,0.013098197,50.92830622,184.6436161
,,,2020/3/21,12:42:00,2458929.70,0.20218195,,359.1724261,7635.887398,0.01670013,1.865103366,361.0375295,7637.752501,0.996192928,361.0270711,23.4366619,23.43648365,0.942355297,0.408480832,0.043023928,-7.095554141,91.41365968,12:24:18,6:18:38,18:29:57,731.3092774,737.7044459,4.426111465,39.20089391,50.79910609,0.013152435,50.81225853,187.0132414
,,,2020/3/21,12:48:00,2458929.70,0.20218207,,359.176533,7635.891504,0.01670013,1.86513424,361.0416672,7637.756638,0.996194098,361.0312088,23.4366619,23.43648366,0.946151869,0.410126319,0.043023928,-7.094311417,91.415012,12:24:18,6:18:38,18:29:57,731.320096,743.7056886,5.926422146,39.3644496,50.6355504,0.013229145,50.64877954,189.3687727
,,,2020/3/21,12:54:00,2458929.70,0.20218218,,359.1806399,7635.895611,0.01670013,1.865165103,361.045805,7637.760776,0.996195268,361.0353466,23.4366619,23.43648367,0.949948435,0.411771801,0.043023928,-7.093068665,91.41636432,12:24:18,6:18:38,18:29:58,731.3309145,749.7069313,7.426732834,39.57485424,50.42514576,0.013328354,50.43847411,191.7056975
,,,2020/3/21,13:00:00,2458929.71,0.20218230,,359.1847467,7635.899718,0.01670013,1.865195957,361.0499427,7637.764913,0.996196438,361.0394843,23.4366619,23.43648368,0.953744993,0.413417277,0.043023928,-7.091825887,91.41771663,12:24:18,6:18:37,18:29:58,731.3417331,755.7081741,8.927043528,39.83134452,50.16865548,0.013450106,50.18210558,194.0197695
,,,2020/3/21,13:06:00,2458929.71,0.20218241,,359.1888536,7635.903824,0.01670013,1.865226802,361.0540804,7637.769051,0.996197608,361.043622,23.43666189,23.43648369,0.957541544,0.415062748,0.043023928,-7.09058308,91.41906895,12:24:17,6:18:37,18:29:58,731.3525516,761.7094169,10.42735423,40.13301163,49.86698837,0.013594465,49.88058283,196.30706
,,,2020/3/21,13:12:00,2458929.72,0.20218252,,359.1929605,7635.907931,0.01670013,1.865257636,361.0582181,7637.773188,0.996198778,361.0477597,23.43666189,23.4364837,0.961338088,0.416708213,0.043023928,-7.089340247,91.42042126,12:24:17,6:18:36,18:29:58,731.3633701,767.7106598,11.92766494,40.47881602,49.52118398,0.013761521,49.5349455,198.5639972
,,,2020/3/21,13:18:00,2458929.72,0.20218264,,359.1970673,7635.912038,0.01670013,1.865288461,361.0623558,7637.777326,0.996199948,361.0518974,23.43666189,23.4364837,0.965134624,0.418353672,0.043023928,-7.088097386,91.42177357,12:24:17,6:18:36,18:29:59,731.3741885,773.7119026,13.42797565,40.86760354,49.13239646,0.013951396,49.14634785,200.7873962
,,,2020/3/21,13:24:00,2458929.73,0.20218275,,359.2011742,7635.916144,0.01670013,1.865319276,361.0664935,7637.781463,0.996201118,361.0560351,23.43666189,23.43648371,0.968931153,0.419999125,0.043023928,-7.086854498,91.42312587,12:24:17,6:18:36,18:29:59,731.385007,779.7131455,14.92828638,41.29812234,48.70187766,0.014164254,48.71604191,202.9744773
,,,2020/3/21,13:30:00,2458929.73,0.20218287,,359.205281,7635.920251,0.01670013,1.865350081,361.0706311,7637.785601,0.996202288,361.0601727,23.43666189,23.43648372,0.972727675,0.421644573,0.043023928,-7.085611582,91.42447818,12:24:17,6:18:35,18:29:59,731.3958254,785.7143884,16.4285971,41.76904003,48.23095997,0.014400308,48.24536027,205.1228737
,,,2020/3/21,13:36:00,2458929.73,0.20218298,,359.2093879,7635.924358,0.01670013,1.865380877,361.0747688,7637.789738,0.996203458,361.0643104,23.43666189,23.43648373,0.976524189,0.423290015,0.043023928,-7.084368639,91.42583048,12:24:17,6:18:35,18:29:59,731.4066438,791.7156314,17.92890784,42.27896065,47.72103935,0.014659827,47.73569918,207.2306306
,,,2020/3/21,13:42:00,2458929.74,0.20218309,,359.2134948,7635.928464,0.01670013,1.865411663,361.0789064,7637.793876,0.996204628,361.068448,23.43666189,23.43648374,0.980320696,0.424935451,0.043023928,-7.083125669,91.42718278,12:24:17,6:18:34,18:30:00,731.4174622,797.7168743,19.42921858,42.826441,47.173559,0.014943149,47.18850215,209.2961944
,,,2020/3/21,13:48:00,2458929.74,0.20218321,,359.2176016,7635.932571,0.01670013,1.865442439,361.0830441,7637.798013,0.996205798,361.0725857,23.43666188,23.43648375,0.984117196,0.426580882,0.043023928,-7.081882672,91.42853507,12:24:17,6:18:34,18:30:00,731.4282806,803.7181173,20.92952933,43.41000608,46.58999392,0.015250686,46.6052446,211.3183963
,,,2020/3/21,13:54:00,2458929.75,0.20218332,,359.2217085,7635.936678,0.01670013,1.865473205,361.0871817,7637.802151,0.996206968,361.0767233,23.43666188,23.43648375,0.987913688,0.428226307,0.043023928,-7.080639648,91.42988737,12:24:17,6:18:34,18:30:00,731.4390989,809.7193604,22.42984009,44.0281633,45.9718367,0.01558294,45.98741964,213.2964297
,,,2020/3/21,14:00:00,2458929.75,0.20218344,,359.2258154,7635.940784,0.01670013,1.865503962,361.0913193,7637.806288,0.996208139,361.0808609,23.43666188,23.43648376,0.991710173,0.429871726,0.043023928,-7.079396596,91.43123966,12:24:17,6:18:33,18:30:00,731.4499173,815.7206034,23.93015085,44.67941532,45.32058468,0.01594051,45.33652519,215.2298233
,,,2020/3/21,14:06:00,2458929.75,0.20218355,,359.2299222,7635.944891,0.01670013,1.865534709,361.0954569,7637.810426,0.996209309,361.0849985,23.43666188,23.43648377,0.995506651,0.431517139,0.043023928,-7.078153518,91.43259195,12:24:17,6:18:33,18:30:01,731.4607356,821.7218465,25.43046162,45.36227147,44.63772853,0.016324106,44.65405264,217.1184116
,,,2020/3/21,14:12:00,2458929.76,0.20218366,,359.2340291,7635.948998,0.01670013,1.865565446,361.0995945,7637.814563,0.996210479,361.0891361,23.43666188,23.43648378,0.999303122,0.433162547,0.043023928,-7.076910412,91.43394423,12:24:17,6:18:32,18:30:01,731.4715539,827.7230896,26.9307724,46.0752576,43.9247424,0.016734565,43.94147696,218.9623046
,,,2020/3/21,14:18:00,2458929.76,0.20218378,,359.238136,7635.953104,0.01670013,1.865596174,361.1037321,7637.8187,0.996211649,361.0932737,23.43666188,23.43648379,1.003099585,0.434807948,0.043023928,-7.075667279,91.43529652,12:24:17,6:18:32,18:30:01,731.4823721,833.7243327,28.43108318,46.81692453,43.18307547,0.017172858,43.20024833,220.7618555
,,,2020/3/21,14:24:00,2458929.77,0.20218389,,359.2422428,7635.957211,0.01670013,1.865626892,361.1078697,7637.822838,0.996212819,361.0974113,23.43666188,23.4364838,1.006896041,0.436453345,0.043023928,-7.074424119,91.4366488,12:24:16,6:18:32,18:30:01,731.4931904,839.7255759,29.93139397,47.58585495,42.41414505,0.017640115,42.43178516,222.5176304
,,,2020/3/21,14:30:00,2458929.77,0.20218401,,359.2463497,7635.961318,0.01670013,1.8656576,361.1120073,7637.826975,0.99621399,361.1015489,23.43666187,23.4364838,1.01069249,0.438098735,0.043023928,-7.073180932,91.43800108,12:24:16,6:18:31,18:30:02,731.5040086,845.7268191,31.43170477,48.38066913,41.61933087,0.018137636,41.63746851,224.2303783
,,,2020/3/21,14:36:00,2458929.78,0.20218412,,359.2504566,7635.965424,0.01670013,1.865688298,361.1161448,7637.831112,0.99621516,361.1056864,23.43666187,23.43648381,1.014488931,0.439744119,0.043023928,-7.071937718,91.43935336,12:24:16,6:18:31,18:30:02,731.5148269,851.7280623,32.93201557,49.20002922,40.79997078,0.018666918,40.8186377,225.9010025
,,,2020/3/21,14:42:00,2458929.78,0.20218423,,359.2545634,7635.969531,0.01670013,1.865718987,361.1202824,7637.83525,0.99621633,361.109824,23.43666187,23.43648382,1.018285365,0.441389498,0.043023928,-7.070694477,91.44070563,12:24:16,6:18:30,18:30:02,731.525645,857.7293055,34.43232638,50.04264258,39.95735742,0.019229672,39.97658709,227.5305351
,,,2020/3/21,14:48:00,2458929.78,0.20218435,,359.2586703,7635.973638,0.01670013,1.865749666,361.1244199,7637.839387,0.9962175,361.1139615,23.43666187,23.43648383,1.022081792,0.443034871,0.043023928,-7.069451209,91.4420579,12:24:16,6:18:30,18:30:02,731.5364632,863.7305488,35.9326372,50.90726405,39.09273595,0.019827855,39.11256381,229.1201119
,,,2020/3/21,14:54:00,2458929.79,0.20218446,,359.2627771,7635.977744,0.01670013,1.865780335,361.1285575,7637.843525,0.996218671,361.1180991,23.43666187,23.43648384,1.025878212,0.444680238,0.043023928,-7.068207914,91.44341017,12:24:16,6:18:30,18:30:03,731.5472814,869.7317921,37.43294802,51.79269736,38.20730264,0.0204637,38.22776634,230.670952
,,,2020/3/21,15:00:00,2458929.79,0.20218458,,359.266884,7635.981851,0.01670013,1.865810995,361.132695,7637.847662,0.996219841,361.1222366,23.43666187,23.43648385,1.029674625,0.446325599,0.043023928,-7.066964592,91.44476244,12:24:16,6:18:29,18:30:03,731.5580995,875.7330354,38.93325885,52.69779585,37.30220415,0.02113975,37.3233439,232.1843372
,,,2020/3/21,15:06:00,2458929.80,0.20218469,,359.2709909,7635.985958,0.01670013,1.865841645,361.1368325,7637.851799,0.996221011,361.1263741,23.43666187,23.43648385,1.03347103,0.447970955,0.043023928,-7.065721244,91.4461147,12:24:16,6:18:29,18:30:03,731.5689176,881.7342788,40.43356969,53.62146249,36.37853751,0.021858908,36.40039642,233.6615959
,,,2020/3/21,15:12:00,2458929.80,0.20218480,,359.2750977,7635.990064,0.01670013,1.865872285,361.14097,7637.855936,0.996222182,361.1305116,23.43666186,23.43648386,1.037267428,0.449616304,0.043023929,-7.064477868,91.44746697,12:24:16,6:18:28,18:30:03,731.5797357,887.7355221,41.93388053,54.56264946,35.43735054,0.022624478,35.45997502,235.1040879
,,,2020/3/21,15:18:00,2458929.80,0.20218492,,359.2792046,7635.994171,0.01670013,1.865902915,361.1451075,7637.860074,0.996223352,361.1346491,23.43666186,23.43648387,1.041063819,0.451261648,0.043023929,-7.063234466,91.44881922,12:24:16,6:18:28,18:30:04,731.5905538,893.7367655,43.43419138,55.52035727,34.47964273,0.023440236,34.50308297,236.5131915
,,,2020/3/21,15:24:00,2458929.81,0.20218503,,359.2833115,7635.998278,0.01670013,1.865933536,361.149245,7637.864211,0.996224522,361.1387866,23.43666186,23.43648388,1.044860203,0.452906986,0.043023929,-7.061991037,91.45017148,12:24:16,6:18:28,18:30:04,731.6013719,899.738009,44.93450224,56.49363353,33.50636647,0.024310495,33.53067696,237.8902929
,,,2020/3/21,15:30:00,2458929.81,0.20218515,,359.2874183,7636.002384,0.01670013,1.865964147,361.1533825,7637.868348,0.996225693,361.142924,23.43666186,23.43648389,1.048656579,0.454552318,0.043023929,-7.06074758,91.45152374,12:24:16,6:18:27,18:30:04,731.6121899,905.7392524,46.4348131,57.48157151,32.51842849,0.025240194,32.54366868,239.2367769
,,,2020/3/21,15:36:00,2458929.82,0.20218526,,359.2915252,7636.006491,0.01670013,1.865994748,361.1575199,7637.872486,0.996226863,361.1470615,23.43666186,23.4364839,1.052452949,0.456197644,0.043023929,-7.059504098,91.45287599,12:24:16,6:18:27,18:30:04,731.6230079,911.7404959,47.93512398,58.48330842,31.51669158,0.026235004,31.54292658,240.5540194
,,,2020/3/21,15:42:00,2458929.82,0.20218538,,359.2956321,7636.010598,0.01670013,1.866025339,361.1616574,7637.876623,0.996228034,361.151199,23.43666186,23.4364839,1.056249311,0.457842964,0.043023929,-7.058260588,91.45422824,12:24:15,6:18:26,18:30:05,731.6338259,917.7417394,49.43543485,59.49802365,30.50197635,0.027301458,30.52927781,241.8433813
,,,2020/3/21,15:48:00,2458929.83,0.20218549,,359.2997389,7636.014704,0.01670013,1.866055921,361.1657948,7637.88076,0.996229204,361.1553364,23.43666185,23.43648391,1.060045666,0.459488279,0.043023929,-7.057017052,91.45558048,12:24:15,6:18:26,18:30:05,731.6446439,923.7429829,50.93574574,60.52493682,29.47506318,0.028447099,29.50351028,243.1062035
,,,2020/3/21,15:54:00,2458929.83,0.20218560,,359.3038458,7636.018811,0.01670013,1.866086493,361.1699323,7637.884897,0.996230375,361.1594738,23.43666185,23.43648392,1.063842014,0.461133587,0.043023929,-7.055773489,91.45693273,12:24:15,6:18:26,18:30:05,731.6554618,929.7442265,52.43605663,61.56330584,28.43669416,0.029680684,28.46637484,244.3438031
,,,2020/3/21,16:00:00,2458929.83,0.20218572,,359.3079526,7636.022918,0.01670013,1.866117056,361.1740697,7637.889035,0.996231545,361.1636113,23.43666185,23.43648393,1.067638354,0.46277889,0.043023929,-7.054529899,91.45828497,12:24:15,6:18:25,18:30:05,731.6662798,935.7454701,53.93636753,62.61242488,27.38757512,0.03101241,27.41858753,245.5574703
,,,2020/3/21,16:06:00,2458929.84,0.20218583,,359.3120595,7636.027024,0.01670013,1.866147608,361.1782071,7637.893172,0.996232716,361.1677487,23.43666185,23.43648394,1.071434688,0.464424187,0.043023929,-7.053286283,91.45963721,12:24:15,6:18:25,18:30:06,731.6770977,941.7467137,55.43667843,63.6716224,26.3283776,0.032454223,26.36083182,246.7484665
,,,2020/3/21,16:12:00,2458929.84,0.20218595,,359.3161664,7636.031131,0.01670013,1.866178151,361.1823445,7637.897309,0.996233886,361.1718861,23.43666185,23.43648395,1.075231014,0.466069478,0.043023929,-7.05204264,91.46098945,12:24:15,6:18:24,18:30:06,731.6879156,947.7479574,56.93698934,64.74025916,25.25974084,0.034020185,25.29376103,247.9180229
,,,2020/3/21,16:18:00,2458929.85,0.20218606,,359.3202732,7636.035238,0.01670013,1.866208684,361.1864819,7637.901446,0.996235057,361.1760235,23.43666185,23.43648395,1.079027333,0.467714763,0.043023929,-7.05079897,91.46234168,12:24:15,6:18:24,18:30:06,731.6987334,953.749201,58.43730026,65.81772625,24.18227375,0.035726954,24.21800071,249.0673396
,,,2020/3/21,16:24:00,2458929.85,0.20218617,,359.3243801,7636.039344,0.01670013,1.866239208,361.1906193,7637.905583,0.996236227,361.1801609,23.43666185,23.43648396,1.082823645,0.469360042,0.043023929,-7.049555274,91.46369391,12:24:15,6:18:24,18:30:06,731.7095513,959.7504447,59.93761118,66.9034432,23.0965568,0.037594396,23.13415119,250.197585
,,,2020/3/21,16:30:00,2458929.85,0.20218629,,359.328487,7636.043451,0.01670013,1.866269721,361.1947567,7637.909721,0.996237398,361.1842982,23.43666184,23.43648397,1.08661995,0.471005315,0.043023929,-7.048311552,91.46504614,12:24:15,6:18:23,18:30:07,731.7203691,965.7516884,61.43792211,67.99685617,22.00314383,0.039646372,22.04279021,251.3098963
,,,2020/3/21,16:36:00,2458929.86,0.20218640,,359.3325938,7636.047558,0.01670013,1.866300225,361.1988941,7637.913858,0.996238568,361.1884356,23.43666184,23.43648398,1.090416248,0.472650582,0.043023929,-7.047067802,91.46639837,12:24:15,6:18:23,18:30:07,731.7311869,971.7529322,62.93823305,69.09743606,20.90256394,0.04191178,20.94447571,252.4053798
,,,2020/3/21,16:42:00,2458929.86,0.20218652,,359.3367007,7636.051664,0.01670013,1.86633072,361.2030314,7637.917995,0.996239739,361.192573,23.43666184,23.43648399,1.094212538,0.474295843,0.043023929,-7.045824027,91.46775059,12:24:15,6:18:22,18:30:07,731.7420047,977.754176,64.43854399,70.2046769,19.7953231,0.044425921,19.83974902,253.4851114
,,,2020/3/21,16:48:00,2458929.87,0.20218663,,359.3408076,7636.055771,0.01670013,1.866361204,361.2071688,7637.922132,0.99624091,361.1967103,23.43666184,23.436484,1.098008822,0.475941099,0.043023929,-7.044580225,91.46910281,12:24:15,6:18:22,18:30:07,731.7528225,983.7554198,65.93885494,71.31809408,18.68190592,0.047232351,18.72913828,254.5501377
,,,2020/3/21,16:54:00,2458929.87,0.20218674,,359.3449144,7636.059878,0.016700129,1.866391679,361.2113061,7637.926269,0.99624208,361.2008476,23.43666184,23.436484,1.101805098,0.477586348,0.043023929,-7.043336396,91.47045503,12:24:15,6:18:22,18:30:08,731.7636403,989.7566636,67.4391659,72.43722281,17.56277719,0.05038538,17.61316257,255.6014773
,,,2020/3/21,17:00:00,2458929.88,0.20218686,,359.3490213,7636.063984,0.016700129,1.866422144,361.2154434,7637.930406,0.996243251,361.204985,23.43666184,23.43648401,1.105601368,0.479231591,0.043023929,-7.042092541,91.47180725,12:24:15,6:18:21,18:30:08,731.774458,995.7579075,68.93947686,73.56161658,16.43838342,0.053953538,16.49233696,256.6401216
,,,2020/3/21,17:06:00,2458929.88,0.20218697,,359.3531282,7636.068091,0.016700129,1.866452599,361.2195808,7637.934543,0.996244422,361.2091223,23.43666184,23.43648402,1.10939763,0.480876829,0.043023929,-7.04084866,91.47315946,12:24:14,6:18:21,18:30:08,731.7852757,1001.759151,70.43978784,74.69084567,15.30915433,0.058024441,15.36717877,257.6670366
,,,2020/3/21,17:12:00,2458929.88,0.20218709,,359.357235,7636.072198,0.016700129,1.866483045,361.2237181,7637.938681,0.996245592,361.2132596,23.43666183,23.43648403,1.113193885,0.48252206,0.043023929,-7.039604752,91.47451168,12:24:14,6:18:20,18:30:08,731.7960934,1007.760395,71.94009881,75.82449575,14.17550425,0.06271172,14.23821597,258.6831644
,,,2020/3/21,17:18:00,2458929.89,0.20218720,,359.3613419,7636.076304,0.016700129,1.866513481,361.2278554,7637.942818,0.996246763,361.2173969,23.43666183,23.43648404,1.116990133,0.484167285,0.043023929,-7.038360818,91.47586388,12:24:14,6:18:20,18:30:09,731.8069111,1013.761639,73.4404098,76.96216652,13.03783348,0.068165121,13.1059986,259.6894244
,,,2020/3/21,17:24:00,2458929.89,0.20218731,,359.3654487,7636.080411,0.016700129,1.866543907,361.2319927,7637.946955,0.996247934,361.2215342,23.43666183,23.43648405,1.120786374,0.485812505,0.043023929,-7.037116857,91.47721609,12:24:14,6:18:20,18:30:09,731.8177287,1019.762883,74.94072079,78.10347042,11.89652958,0.074585439,11.97111502,260.6867153
,,,2020/3/21,17:30:00,2458929.90,0.20218743,,359.3695556,7636.084518,0.016700129,1.866574324,361.2361299,7637.951092,0.996249105,361.2256715,23.43666183,23.43648405,1.124582607,0.487457718,0.043023929,-7.03587287,91.47856829,12:24:14,6:18:19,18:30:09,731.8285464,1025.764127,76.44103178,79.24803137,10.75196863,0.082247054,10.83421568,261.6759165
,,,2020/3/21,17:36:00,2458929.90,0.20218754,,359.3736625,7636.088624,0.016700129,1.86660473,361.2402672,7637.955229,0.996250275,361.2298087,23.43666183,23.43648406,1.128378834,0.489102926,0.043023929,-7.034628857,91.4799205,12:24:14,6:18:19,18:30:09,731.839364,1031.765371,77.94134279,80.39548358,9.604516421,0.091532443,9.696048864,262.6578899
,,,2020/3/21,17:42:00,2458929.90,0.20218766,,359.3777693,7636.092731,0.016700129,1.866635127,361.2444045,7637.959366,0.996251446,361.233946,23.43666183,23.43648407,1.132175054,0.490748127,0.043023929,-7.033384818,91.48127269,12:24:14,6:18:18,18:30:10,731.8501816,1037.766615,79.4416538,81.54547036,8.45452964,0.102985505,8.557515145,263.6334816
,,,2020/3/21,17:48:00,2458929.91,0.20218777,,359.3818762,7636.096838,0.016700129,1.866665515,361.2485417,7637.963503,0.996252617,361.2380833,23.43666183,23.43648408,1.135971267,0.492393323,0.043023929,-7.032140752,91.48262489,12:24:14,6:18:18,18:30:10,731.8609991,1043.767859,80.94196481,82.69764304,7.302356958,0.117393524,7.419750482,264.6035236
,,,2020/3/21,17:54:00,2458929.91,0.20218789,,359.3859831,7636.100944,0.016700129,1.866695892,361.252679,7637.96764,0.996253788,361.2422205,23.43666182,23.43648409,1.139767472,0.494038512,0.043023929,-7.03089666,91.48397708,12:24:14,6:18:18,18:30:10,731.8718167,1049.769103,82.44227583,83.85165986,6.148340138,0.135910691,6.284250829,265.5688353
,,,2020/3/21,18:00:00,2458929.92,0.20218800,,359.3900899,7636.105051,0.016700129,1.86672626,361.2568162,7637.971777,0.996254959,361.2463577,23.43666182,23.4364841,1.143563671,0.495683695,0.043023929,-7.029652542,91.48532927,12:24:14,6:18:17,18:30:10,731.8826342,1055.770347,83.94258686,85.00718491,4.992815086,0.159793848,5.152608933,266.5302256
,,,2020/3/21,18:06:00,2458929.92,0.20218811,,359.3941968,7636.109158,0.016700129,1.866756618,361.2609534,7637.975914,0.99625613,361.2504949,23.43666182,23.4364841,1.147359863,0.497328873,0.043023929,-7.028408398,91.48668146,12:24:14,6:18:17,18:30:11,731.8934517,1061.771592,85.4428979,86.16388712,3.836112879,0.19463703,4.030749909,267.4884943
,,,2020/3/21,18:12:00,2458929.93,0.20218823,,359.3983037,7636.113264,0.016700129,1.866786967,361.2650906,7637.980051,0.996257301,361.2546322,23.43666182,23.43648411,1.151156047,0.498974044,0.043023929,-7.027164228,91.48803365,12:24:14,6:18:17,18:30:11,731.9042692,1067.772836,86.94320894,87.32143922,2.678560781,0.244343313,2.922904094,268.444434
,,,2020/3/21,18:18:00,2458929.93,0.20218834,,359.4024105,7636.117371,0.016700129,1.866817305,361.2692278,7637.984188,0.996258471,361.2587694,23.43666182,23.43648412,1.154952225,0.500619209,0.04302393,-7.025920032,91.48938583,12:24:14,6:18:16,18:30:11,731.9150867,1073.77408,88.44351999,88.47951677,1.520483228,0.318048362,1.838531591,269.3988315
,,,2020/3/21,18:24:00,2458929.93,0.20218846,,359.4065174,7636.121478,0.016700129,1.866847634,361.273365,7637.988325,0.996259642,361.2629065,23.43666182,23.43648413,1.158748395,0.502264368,0.04302393,-7.024675809,91.49073801,12:24:13,6:18:16,18:30:11,731.9259041,1079.775324,89.94383105,89.63779719,0.36220281,0.433410035,0.795612845,270.3524701
,,,2020/3/21,18:30:00,2458929.94,0.20218857,,359.4106242,7636.125584,0.016700129,1.866877954,361.2775022,7637.992462,0.996260813,361.2670437,23.43666181,23.43648414,1.162544559,0.503909522,0.04302393,-7.023431561,91.49209019,12:24:13,6:18:15,18:30:12,731.9367215,1085.776568,91.44414211,90.79595876,-0.795958761,0.41531722,-0.38064154,271.3061305
,,,2020/3/21,18:36:00,2458929.94,0.20218868,,359.4147311,7636.129691,0.016700129,1.866908263,361.2816394,7637.996599,0.996261984,361.2711809,23.43666181,23.43648415,1.166340715,0.505554668,0.04302393,-7.022187286,91.49344237,12:24:13,6:18:15,18:30:12,731.9475389,1091.777813,92.94445318,91.95367969,-1.953679688,0.169151839,-1.784527849,272.2605932
,,,2020/3/21,18:42:00,2458929.95,0.20218880,,359.418838,7636.133798,0.016700129,1.866938563,361.2857765,7638.000736,0.996263155,361.2753181,23.43666181,23.43648415,1.170136864,0.507199809,0.04302393,-7.020942985,91.49479454,12:24:13,6:18:15,18:30:12,731.9583563,1097.779057,94.44476425,93.11063712,-3.110637124,0.10617496,-3.004462164,273.2166397
,,,2020/3/21,18:48:00,2458929.95,0.20218891,,359.4229448,7636.137904,0.016700129,1.866968853,361.2899137,7638.004873,0.996264326,361.2794552,23.43666181,23.43648416,1.173933007,0.508844944,0.04302393,-7.019698659,91.49614671,12:24:13,6:18:14,18:30:12,731.9691737,1103.780301,95.94507534,94.26650621,-4.266506206,0.07734323,-4.189162976,274.1750545
,,,2020/3/21,18:54:00,2458929.95,0.20218903,,359.4270517,7636.142011,0.016700129,1.866999133,361.2940508,7638.00901,0.996265497,361.2835924,23.43666181,23.43648417,1.177729142,0.510490073,0.04302393,-7.018454306,91.49749888,12:24:13,6:18:14,18:30:13,731.979991,1109.781546,97.44538642,95.42095908,-5.420959082,0.060802818,-5.360156264,275.1366266
,,,2020/3/21,19:00:00,2458929.96,0.20218914,,359.4311586,7636.146118,0.016700129,1.867029404,361.298188,7638.013147,0.996266668,361.2877295,23.43666181,23.43648418,1.181525271,0.512135196,0.04302393,-7.017209928,91.49885104,12:24:13,6:18:13,18:30:13,731.9908083,1115.78279,98.94569752,96.57366392,-6.573663925,0.050070216,-6.523593708,276.102151
,,,2020/3/21,19:06:00,2458929.96,0.20218925,,359.4352654,7636.150224,0.016700129,1.867059665,361.3023251,7638.017284,0.996267839,361.2918666,23.43666181,23.43648419,1.185321392,0.513780312,0.04302393,-7.015965523,91.5002032,12:24:13,6:18:13,18:30:13,732.0016256,1121.784034,100.4460086,97.72428393,-7.72428393,0.042540043,-7.681743888,277.0724309
,,,2020/3/21,19:12:00,2458929.97,0.20218937,,359.4393723,7636.154331,0.016700129,1.867089916,361.3064622,7638.021421,0.99626901,361.2960037,23.4366618,23.4364842,1.189117507,0.515425422,0.04302393,-7.014721093,91.50155536,12:24:13,6:18:13,18:30:13,732.0124429,1127.785279,101.9463197,98.8724763,-8.8724763,0.036962609,-8.835513691,278.0482788
,,,2020/3/21,19:18:00,2458929.97,0.20218948,,359.4434792,7636.158438,0.016700129,1.867120157,361.3105993,7638.025558,0.996270182,361.3001408,23.4366618,23.4364842,1.192913614,0.517070527,0.04302393,-7.013476637,91.50290752,12:24:13,6:18:12,18:30:14,732.0232602,1133.786523,103.4466308,100.0178912,-10.01789119,0.03266365,-9.985227544,279.0305184
,,,2020/3/21,19:24:00,2458929.98,0.20218960,,359.447586,7636.162544,0.016700129,1.867150389,361.3147364,7638.029695,0.996271353,361.3042779,23.4366618,23.43648421,1.196709715,0.518715625,0.04302393,-7.012232155,91.50425968,12:24:13,6:18:12,18:30:14,732.0340774,1139.787768,104.946942,101.1601707,-11.16017066,0.029247321,-11.13092334,280.0199862
,,,2020/3/21,19:30:00,2458929.98,0.20218971,,359.4516929,7636.166651,0.016700129,1.867180611,361.3188735,7638.033832,0.996272524,361.308415,23.4366618,23.43648422,1.200505809,0.520360717,0.04302393,-7.010987647,91.50561183,12:24:13,6:18:11,18:30:14,732.0448946,1145.789012,106.4472531,102.2989475,-12.29894754,0.026465945,-12.27248159,281.0175333
,,,2020/3/21,19:36:00,2458929.98,0.20218982,,359.4557998,7636.170758,0.016700129,1.867210823,361.3230106,7638.037968,0.996273695,361.3125521,23.4366618,23.43648423,1.204301896,0.522005803,0.04302393,-7.009743113,91.50696398,12:24:13,6:18:11,18:30:14,732.0557118,1151.790257,107.9475642,103.4338443,-13.4338443,0.024156621,-13.40968768,282.0240265
,,,2020/3/21,19:42:00,2458929.99,0.20218994,,359.4599066,7636.174864,0.016700129,1.867241026,361.3271476,7638.042105,0.996274866,361.3166892,23.4366618,23.43648424,1.208097975,0.523650882,0.04302393,-7.008498554,91.50831612,12:24:13,6:18:11,18:30:15,732.066529,1157.791501,109.4478754,104.5644719,-14.56447191,0.022207815,-14.54226409,283.0403504
,,,2020/3/21,19:48:00,2458929.99,0.20219005,,359.4640135,7636.178971,0.016700129,1.867271218,361.3312847,7638.046242,0.996276037,361.3208262,23.4366618,23.43648425,1.211894048,0.525295956,0.04302393,-7.007253969,91.50966827,12:24:12,6:18:10,18:30:15,732.0773461,1163.792746,110.9481865,105.6904286,-15.69042855,0.0205406,-15.66988795,284.0674088
,,,2020/3/21,19:54:00,2458930.00,0.20219017,,359.4681203,7636.183078,0.016700129,1.867301402,361.3354217,7638.050379,0.996277208,361.3249633,23.43666179,23.43648426,1.215690114,0.526941023,0.04302393,-7.006009358,91.51102041,12:24:12,6:18:10,18:30:15,732.0881633,1169.793991,112.4484977,106.8112984,-16.81129842,0.019097551,-16.79220087,285.1061257
,,,2020/3/21,20:00:00,2458930.00,0.20219028,,359.4722272,7636.187184,0.016700129,1.867331575,361.3395588,7638.054516,0.99627838,361.3291003,23.43666179,23.43648426,1.219486173,0.528586084,0.04302393,-7.004764721,91.51237255,12:24:12,6:18:09,18:30:15,732.0989804,1175.795235,113.9488088,107.9266504,-17.92665037,0.017835895,-17.90881447,286.1574475
,,,2020/3/21,20:06:00,2458930.00,0.20219039,,359.4763341,7636.191291,0.016700129,1.867361738,361.3436958,7638.058653,0.996279551,361.3332373,23.43666179,23.43648427,1.223282225,0.530231139,0.04302393,-7.003520059,91.51372468,12:24:12,6:18:09,18:30:16,732.1097975,1181.79648,115.44912,109.0360365,-19.03603654,0.016723121,-19.01931342,287.2223437
,,,2020/3/21,20:12:00,2458930.01,0.20219051,,359.4804409,7636.195398,0.016700129,1.867391892,361.3478328,7638.062789,0.996280722,361.3373743,23.43666179,23.43648428,1.22707827,0.531876188,0.04302393,-7.002275371,91.51507682,12:24:12,6:18:09,18:30:16,732.1206145,1187.797725,116.9494312,110.138991,-20.13899097,0.01573408,-20.12325689,288.3018083
,,,2020/3/21,20:18:00,2458930.01,0.20219062,,359.4845478,7636.199504,0.016700129,1.867422037,361.3519698,7638.066926,0.996281893,361.3415113,23.43666179,23.43648429,1.230874308,0.533521231,0.04302393,-7.001030658,91.51642895,12:24:12,6:18:08,18:30:16,732.1314316,1193.798969,118.4497423,111.2350281,-21.23502809,0.014849016,-21.22017907,289.3968609
,,,2020/3/21,20:24:00,2458930.02,0.20219074,,359.4886547,7636.203611,0.016700129,1.867452171,361.3561068,7638.071063,0.996283065,361.3456483,23.43666179,23.4364843,1.23467034,0.535166267,0.04302393,-6.999785919,91.51778108,12:24:12,6:18:08,18:30:16,732.1422486,1199.800214,119.9500535,112.3236412,-22.32364121,0.014052196,-22.30958901,290.5085478
,,,2020/3/21,20:30:00,2458930.02,0.20219085,,359.4927615,7636.207718,0.016700129,1.867482296,361.3602438,7638.0752,0.996284236,361.3497853,23.43666179,23.43648431,1.238466364,0.536811297,0.04302393,-6.998541154,91.5191332,12:24:12,6:18:07,18:30:17,732.1530656,1205.801459,121.4503647,113.4043009,-23.4043009,0.013330938,-23.39096997,291.6379421
,,,2020/3/21,20:36:00,2458930.03,0.20219097,,359.4968684,7636.211824,0.016700129,1.867512411,361.3643808,7638.079337,0.996285407,361.3539223,23.43666178,23.43648431,1.242262382,0.538456321,0.04302393,-6.997296364,91.52048533,12:24:12,6:18:07,18:30:17,732.1638826,1211.802704,122.9506759,114.4764534,-24.4764534,0.012674911,-24.46377849,292.786145
,,,2020/3/21,20:42:00,2458930.03,0.20219108,,359.5009753,7636.215931,0.016700129,1.867542516,361.3685178,7638.083473,0.996286579,361.3580593,23.43666178,23.43648432,1.246058392,0.540101339,0.04302393,-6.996051548,91.52183745,12:24:12,6:18:07,18:30:17,732.1746996,1217.803948,124.4509871,115.5395188,-25.53951884,0.012075615,-25.52744323,293.9542855
,,,2020/3/21,20:48:00,2458930.03,0.20219119,,359.5050821,7636.220038,0.016700129,1.867572611,361.3726547,7638.08761,0.99628775,361.3621962,23.43666178,23.43648433,1.249854397,0.54174635,0.04302393,-6.994806707,91.52318956,12:24:12,6:18:06,18:30:17,732.1855165,1223.805193,125.9512983,116.5928896,-26.59288959,0.011525996,-26.58136359,295.1435201
,,,2020/3/21,20:54:00,2458930.04,0.20219131,,359.509189,7636.224144,0.016700129,1.867602697,361.3767917,7638.091747,0.996288921,361.3663332,23.43666178,23.43648434,1.253650393,0.543391355,0.04302393,-6.99356184,91.52454168,12:24:12,6:18:06,18:30:18,732.1963334,1229.806438,127.4516095,117.6359284,-27.6359284,0.011020155,-27.62490824,296.3550324
,,,2020/3/21,21:00:00,2458930.04,0.20219142,,359.5132958,7636.228251,0.016700129,1.867632773,361.3809286,7638.095884,0.996290093,361.3704701,23.43666178,23.43648435,1.257446384,0.545036354,0.04302393,-6.992316948,91.52589379,12:24:12,6:18:05,18:30:18,732.2071503,1235.807683,128.9519208,118.6679666,-28.66796662,0.010553123,-28.6574135,297.5900322
,,,2020/3/21,21:06:00,2458930.05,0.20219154,,359.5174027,7636.232358,0.016700129,1.86766284,361.3850656,7638.10002,0.996291264,361.374607,23.43666178,23.43648436,1.261242367,0.546681347,0.04302393,-6.99107203,91.5272459,12:24:11,6:18:05,18:30:18,732.2179672,1241.808928,130.452232,119.6883024,-29.68830236,0.010120687,-29.67818168,298.8497535
,,,2020/3/21,21:12:00,2458930.05,0.20219165,,359.5215096,7636.236464,0.016700129,1.867692896,361.3892025,7638.104157,0.996292436,361.378744,23.43666177,23.43648436,1.265038343,0.548326333,0.04302393,-6.989827087,91.52859801,12:24:11,6:18:05,18:30:18,732.2287841,1247.810173,131.9525432,120.6961987,-30.69619866,0.009719256,-30.68647941,300.1354523
,,,2020/3/21,21:18:00,2458930.05,0.20219176,,359.5256164,7636.240571,0.016700129,1.867722943,361.3933394,7638.108294,0.996293607,361.3828809,23.43666177,23.43648437,1.268834313,0.549971314,0.04302393,-6.988582119,91.52995011,12:24:11,6:18:04,18:30:19,732.2396009,1253.811418,133.4528545,121.6908817,-31.69088165,0.009345753,-31.6815359,301.4484034
,,,2020/3/21,21:24:00,2458930.06,0.20219188,,359.5297233,7636.244678,0.016700129,1.86775298,361.3974763,7638.112431,0.996294779,361.3870178,23.43666177,23.43648438,1.272630276,0.551616287,0.04302393,-6.987337125,91.53130221,12:24:11,6:18:04,18:30:19,732.2504177,1259.812663,134.9531657,122.6715388,-32.6715388,0.008997527,-32.66254128,302.7898966
,,,2020/3/21,21:30:00,2458930.06,0.20219199,,359.5338302,7636.248784,0.016700129,1.867783008,361.4016132,7638.116567,0.99629595,361.3911547,23.43666177,23.43648439,1.276426232,0.553261255,0.043023931,-6.986092106,91.53265431,12:24:11,6:18:03,18:30:19,732.2612345,1265.813908,136.453477,123.6373172,-33.63731721,0.008672289,-33.62864492,304.1612312
,,,2020/3/21,21:36:00,2458930.07,0.20219211,,359.537937,7636.252891,0.016700129,1.867813025,361.4057501,7638.120704,0.996297122,361.3952915,23.43666177,23.4364844,1.280222181,0.554906216,0.043023931,-6.984847061,91.53400641,12:24:11,6:18:03,18:30:19,732.2720513,1271.815153,137.9537882,124.587322,-34.587322,0.008368052,-34.57895395,305.5637102
,,,2020/3/21,21:42:00,2458930.07,0.20219222,,359.5420439,7636.256998,0.016700129,1.867843033,361.4098869,7638.124841,0.996298293,361.3994284,23.43666177,23.43648441,1.284018123,0.556551171,0.043023931,-6.983601992,91.5353585,12:24:11,6:18:03,18:30:20,732.282868,1277.816398,139.4540995,125.5206149,-35.52061493,0.008083088,-35.51253185,306.9986328
,,,2020/3/21,21:48:00,2458930.08,0.20219233,,359.5461508,7636.261104,0.016700129,1.867873032,361.4140238,7638.128977,0.996299465,361.4035653,23.43666177,23.43648441,1.287814058,0.55819612,0.043023931,-6.982356897,91.53671059,12:24:11,6:18:02,18:30:20,732.2936847,1283.817643,140.9544108,126.4362132,-36.43621316,0.00781589,-36.42839726,308.467285
,,,2020/3/21,21:54:00,2458930.08,0.20219245,,359.5502576,7636.265211,0.016700129,1.86790302,361.4181606,7638.133114,0.996300636,361.4077021,23.43666176,23.43648442,1.291609987,0.559841062,0.043023931,-6.981111776,91.53806268,12:24:11,6:18:02,18:30:20,732.3045015,1289.818888,142.4547221,127.3330882,-37.33308825,0.007565141,-37.32552311,309.9709293
,,,2020/3/21,22:00:00,2458930.08,0.20219256,,359.5543645,7636.269318,0.016700129,1.867932999,361.4222975,7638.137251,0.996301808,361.411839,23.43666176,23.43648443,1.295405909,0.561485998,0.043023931,-6.979866631,91.53941477,12:24:11,6:18:01,18:30:20,732.3153181,1295.820133,143.9550333,128.2101656,-38.21016563,0.007329686,-38.20283595,311.5107927
,,,2020/3/21,22:06:00,2458930.09,0.20219268,,359.5584714,7636.273424,0.016700129,1.867962968,361.4264343,7638.141387,0.996302979,361.4159758,23.43666176,23.43648444,1.299201824,0.563130928,0.043023931,-6.97862146,91.54076685,12:24:11,6:18:01,18:30:21,732.3261348,1301.821379,145.4553446,129.0663244,-39.06632438,0.007108516,-39.05921586,313.0880518
,,,2020/3/21,22:12:00,2458930.09,0.20219279,,359.5625782,7636.277531,0.016700129,1.867992927,361.4305711,7638.145524,0.996304151,361.4201126,23.43666176,23.43648445,1.302997732,0.564775851,0.043023931,-6.977376265,91.54211893,12:24:11,6:18:01,18:30:21,732.3369514,1307.822624,146.9556559,129.9003975,-39.90039751,0.006900745,-39.89349676,314.7038173
,,,2020/3/21,22:18:00,2458930.10,0.20219290,,359.5666851,7636.281638,0.016700129,1.868022877,361.434708,7638.14966,0.996305323,361.4242494,23.43666176,23.43648446,1.306793634,0.566420769,0.043023931,-6.976131044,91.54347101,12:24:11,6:18:00,18:30:21,732.3477681,1313.823869,148.4559672,130.7111729,-40.71117294,0.006705598,-40.70446734,316.3591157
,,,2020/3/21,22:24:00,2458930.10,0.20219302,,359.5707919,7636.285744,0.016700129,1.868052817,361.4388448,7638.153797,0.996306494,361.4283862,23.43666176,23.43648446,1.310589528,0.568065679,0.043023931,-6.974885798,91.54482308,12:24:10,6:18:00,18:30:21,732.3585847,1319.825114,149.9562786,131.4973951,-41.49739511,0.006522396,-41.49087271,318.0548687
,,,2020/3/21,22:30:00,2458930.10,0.20219313,,359.5748988,7636.289851,0.016700129,1.868082747,361.4429816,7638.157934,0.996307666,361.432523,23.43666176,23.43648447,1.314385417,0.569710583,0.043023931,-6.973640527,91.54617515,12:24:10,6:17:59,18:30:22,732.3694012,1325.826359,151.4565899,132.2577674,-42.2577674,0.006350545,-42.25141686,319.7918715
,,,2020/3/21,22:36:00,2458930.11,0.20219325,,359.5790057,7636.293958,0.016700129,1.868112667,361.4471183,7638.16207,0.996308837,361.4366598,23.43666175,23.43648448,1.318181298,0.571355482,0.043023931,-6.972395231,91.54752722,12:24:10,6:17:59,18:30:22,732.3802178,1331.827605,152.9569012,132.9909556,-42.99095556,0.006189526,-42.98476603,321.5707684
,,,2020/3/21,22:42:00,2458930.11,0.20219336,,359.5831125,7636.298064,0.016700129,1.868142578,361.4512551,7638.166207,0.996310009,361.4407966,23.43666175,23.43648449,1.321977172,0.573000373,0.043023931,-6.97114991,91.54887929,12:24:10,6:17:59,18:30:22,732.3910343,1337.82885,154.4572125,133.6955921,-43.69559206,0.00603889,-43.68955317,323.3920275
,,,2020/3/21,22:48:00,2458930.12,0.20219347,,359.5872194,7636.302171,0.016700129,1.868172479,361.4553919,7638.170343,0.996311181,361.4449334,23.43666175,23.4364845,1.32577304,0.574645258,0.043023931,-6.969904563,91.55023135,12:24:10,6:17:58,18:30:22,732.4018508,1343.830095,155.9575239,134.3702817,-44.37028169,0.005898247,-44.36438344,325.255913
,,,2020/3/21,22:54:00,2458930.12,0.20219359,,359.5913263,7636.306278,0.016700129,1.86820237,361.4595286,7638.17448,0.996312353,361.4490701,23.43666175,23.43648451,1.329568901,0.576290137,0.043023931,-6.968659192,91.55158341,12:24:10,6:17:58,18:30:22,732.4126673,1349.831341,157.4578352,135.0136083,-45.0136083,0.00576726,-45.00784104,327.1624583
,,,2020/3/21,23:00:00,2458930.13,0.20219370,,359.5954331,7636.310384,0.016700129,1.868232252,361.4636654,7638.178617,0.996313524,361.4532068,23.43666175,23.43648451,1.333364755,0.577935009,0.043023931,-6.967413796,91.55293547,12:24:10,6:17:57,18:30:23,732.4234838,1355.832586,158.9581466,135.6241429,-45.62414292,0.005645641,-45.61849728,329.1114374
,,,2020/3/21,23:06:00,2458930.13,0.20219382,,359.59954,7636.314491,0.016700129,1.868262123,361.4678021,7638.182753,0.996314696,361.4573436,23.43666175,23.43648452,1.337160603,0.579579875,0.043023931,-6.966168375,91.55428753,12:24:10,6:17:57,18:30:23,732.4343002,1361.833832,160.4584579,136.2004531,-46.20045313,0.005533143,-46.19491999,331.1023381
,,,2020/3/21,23:12:00,2458930.13,0.20219393,,359.6036469,7636.318598,0.016700129,1.868291985,361.4719388,7638.18689,0.996315868,361.4614803,23.43666174,23.43648453,1.340956444,0.581224735,0.043023931,-6.964922929,91.55563958,12:24:10,6:17:57,18:30:23,732.4451167,1367.835077,161.9587693,136.7411138,-46.74111383,0.005429561,-46.73568427,333.1343361
,,,2020/3/21,23:18:00,2458930.14,0.20219405,,359.6077537,7636.322704,0.016700129,1.868321838,361.4760756,7638.191026,0.99631704,361.465617,23.43666174,23.43648454,1.344752277,0.582869588,0.043023931,-6.963677458,91.55699163,12:24:10,6:17:56,18:30:23,732.4559331,1373.836323,163.4590806,137.2447193,-47.24471927,0.005334719,-47.23938455,335.2062723
,,,2020/3/21,23:24:00,2458930.14,0.20219416,,359.6118606,7636.326811,0.016700129,1.86835168,361.4802123,7638.195163,0.996318212,361.4697537,23.43666174,23.43648455,1.348548105,0.584514435,0.043023931,-6.962431962,91.55834368,12:24:10,6:17:56,18:30:24,732.4667494,1379.837568,164.959392,137.7098963,-47.7098963,0.005248475,-47.70464783,337.3166333
,,,2020/3/21,23:30:00,2458930.15,0.20219427,,359.6159674,7636.330918,0.016700129,1.868381513,361.484349,7638.199299,0.996319383,361.4738904,23.43666174,23.43648456,1.352343925,0.586159275,0.043023931,-6.961186442,91.55969572,12:24:10,6:17:55,18:30:24,732.4775658,1385.838814,166.4597034,138.1353186,-48.13531859,0.005170708,-48.13014788,339.4635378
,,,2020/3/21,23:36:00,2458930.15,0.20219439,,359.6200743,7636.335024,0.016700129,1.868411336,361.4884856,7638.203436,0.996320555,361.4780271,23.43666174,23.43648456,1.35613974,0.587804109,0.043023931,-6.959940896,91.56104777,12:24:10,6:17:55,18:30:24,732.4883821,1391.840059,167.9600148,138.5197217,-48.51972169,0.005101325,-48.51462036,341.6447285
,,,2020/3/21,23:42:00,2458930.15,0.20219450,,359.6241812,7636.339131,0.016700129,1.868441149,361.4926223,7638.207572,0.996321727,361.4821638,23.43666174,23.43648457,1.359935547,0.589448936,0.043023931,-6.958695326,91.56239981,12:24:10,6:17:55,18:30:24,732.4991984,1397.841305,169.4603262,138.8619186,-48.86191856,0.005040249,-48.85687831,343.8575722
,,,2020/3/21,23:48:00,2458930.16,0.20219462,,359.628288,7636.343238,0.016700129,1.868470953,361.496759,7638.211709,0.996322899,361.4863005,23.43666174,23.43648458,1.363731347,0.591093757,0.043023931,-6.957449731,91.56375184,12:24:09,6:17:54,18:30:25,732.5100147,1403.84255,170.9606376,139.1608152,-49.16081525,0.004987421,-49.15582782,346.0990677
,,,2020/3/21,23:54:00,2458930.16,0.20219473,,359.6323949,7636.347344,0.016700129,1.868500747,361.5008957,7638.215845,0.996324071,361.4904371,23.43666173,23.43648459,1.367527141,0.592738572,0.043023931,-6.956204111,91.56510388,12:24:09,6:17:54,18:30:25,732.520831,1409.843796,172.460949,139.4154262,-49.41542624,0.004942794,-49.41048345,348.3658638
,,,2020/3/21,0:00:00,2458930.17,0.20219484,,359.6365018,7636.351451,0.016700129,1.868530531,361.5050323,7638.219981,0.996325243,361.4945738,23.43666173,23.4364846,1.371322928,0.59438338,0.043023931,-6.954958467,91.56645591,12:24:09,6:17:53,18:30:25,732.5316473,1415.845042,173.9612604,139.6248892,-49.62488916,0.004906335,-49.61998283,350.6542853
